label,new_file,source_file,channels,seed
3D-Printed Part,3D-Printed Part_001.csv,3D-Printed Part_066.csv,"Thumb,Middle,Pinky",20260729
3D-Printed Part,3D-Printed Part_002.csv,3D-Printed Part_046.csv,"Thumb,Middle,Pinky",20260729
3D-Printed Part,3D-Printed Part_003.csv,3D-Printed Part_028.csv,"Thumb,Middle,Pinky",20260729
3D-Printed Part,3D-Printed Part_004.csv,3D-Printed Part_007.csv,"Thumb,Middle,Pinky",20260729
3D-Printed Part,3D-Printed Part_005.csv,3D-Printed Part_050.csv,"Thumb,Middle,Pinky",20260729
3D-Printed Part,3D-Printed Part_006.csv,3D-Printed Part_092.csv,"Thumb,Middle,Pinky",20260729
3D-Printed Part,3D-Printed Part_007.csv,3D-Printed Part_077.csv,"Thumb,Middle,Pinky",20260729
3D-Printed Part,3D-Printed Part_008.csv,3D-Printed Part_078.csv,"Thumb,Middle,Pinky",20260729
3D-Printed Part,3D-Printed Part_009.csv,3D-Printed Part_069.csv,"Thumb,Middle,Pinky",20260729
3D-Printed Part,3D-Printed Part_010.csv,3D-Printed Part_009.csv,"Thumb,Middle,Pinky",20260729
3D-Printed Part,3D-Printed Part_011.csv,3D-Printed Part_012.csv,"Thumb,Middle,Pinky",20260729
3D-Printed Part,3D-Printed Part_012.csv,3D-Printed Part_084.csv,"Thumb,Middle,Pinky",20260729
3D-Printed Part,3D-Printed Part_013.csv,3D-Printed Part_048.csv,"Thumb,Middle,Pinky",20260729
3D-Printed Part,3D-Printed Part_014.csv,3D-Printed Part_081.csv,"Thumb,Middle,Pinky",20260729
3D-Printed Part,3D-Printed Part_015.csv,3D-Printed Part_010.csv,"Thumb,Middle,Pinky",20260729
3D-Printed Part,3D-Printed Part_016.csv,3D-Printed Part_008.csv,"Thumb,Middle,Pinky",20260729
3D-Printed Part,3D-Printed Part_017.csv,3D-Printed Part_058.csv,"Thumb,Middle,Pinky",20260729
3D-Printed Part,3D-Printed Part_018.csv,3D-Printed Part_064.csv,"Thumb,Middle,Pinky",20260729
3D-Printed Part,3D-Printed Part_019.csv,3D-Printed Part_038.csv,"Thumb,Middle,Pinky",20260729
3D-Printed Part,3D-Printed Part_020.csv,3D-Printed Part_098.csv,"Thumb,Middle,Pinky",20260729
3D-Printed Part,3D-Printed Part_021.csv,3D-Printed Part_097.csv,"Thumb,Middle,Pinky",20260729
3D-Printed Part,3D-Printed Part_022.csv,3D-Printed Part_016.csv,"Thumb,Middle,Pinky",20260729
3D-Printed Part,3D-Printed Part_023.csv,3D-Printed Part_088.csv,"Thumb,Middle,Pinky",20260729
3D-Printed Part,3D-Printed Part_024.csv,3D-Printed Part_043.csv,"Thumb,Middle,Pinky",20260729
3D-Printed Part,3D-Printed Part_025.csv,3D-Printed Part_006.csv,"Thumb,Middle,Pinky",20260729
3D-Printed Part,3D-Printed Part_026.csv,3D-Printed Part_022.csv,"Thumb,Middle,Pinky",20260729
3D-Printed Part,3D-Printed Part_027.csv,3D-Printed Part_100.csv,"Thumb,Middle,Pinky",20260729
3D-Printed Part,3D-Printed Part_028.csv,3D-Printed Part_071.csv,"Thumb,Middle,Pinky",20260729
3D-Printed Part,3D-Printed Part_029.csv,3D-Printed Part_082.csv,"Thumb,Middle,Pinky",20260729
3D-Printed Part,3D-Printed Part_030.csv,3D-Printed Part_094.csv,"Thumb,Middle,Pinky",20260729
3D-Printed Part,3D-Printed Part_031.csv,3D-Printed Part_014.csv,"Thumb,Middle,Pinky",20260729
3D-Printed Part,3D-Printed Part_032.csv,3D-Printed Part_079.csv,"Thumb,Middle,Pinky",20260729
3D-Printed Part,3D-Printed Part_033.csv,3D-Printed Part_085.csv,"Thumb,Middle,Pinky",20260729
3D-Printed Part,3D-Printed Part_034.csv,3D-Printed Part_044.csv,"Thumb,Middle,Pinky",20260729
3D-Printed Part,3D-Printed Part_035.csv,3D-Printed Part_076.csv,"Thumb,Middle,Pinky",20260729
3D-Printed Part,3D-Printed Part_036.csv,3D-Printed Part_034.csv,"Thumb,Middle,Pinky",20260729
3D-Printed Part,3D-Printed Part_037.csv,3D-Printed Part_021.csv,"Thumb,Middle,Pinky",20260729
3D-Printed Part,3D-Printed Part_038.csv,3D-Printed Part_099.csv,"Thumb,Middle,Pinky",20260729
3D-Printed Part,3D-Printed Part_039.csv,3D-Printed Part_025.csv,"Thumb,Middle,Pinky",20260729
3D-Printed Part,3D-Printed Part_040.csv,3D-Printed Part_073.csv,"Thumb,Middle,Pinky",20260729
3D-Printed Part,3D-Printed Part_041.csv,3D-Printed Part_020.csv,"Thumb,Middle,Pinky",20260729
3D-Printed Part,3D-Printed Part_042.csv,3D-Printed Part_095.csv,"Thumb,Middle,Pinky",20260729
3D-Printed Part,3D-Printed Part_043.csv,3D-Printed Part_001.csv,"Thumb,Middle,Pinky",20260729
3D-Printed Part,3D-Printed Part_044.csv,3D-Printed Part_091.csv,"Thumb,Middle,Pinky",20260729
3D-Printed Part,3D-Printed Part_045.csv,3D-Printed Part_080.csv,"Thumb,Middle,Pinky",20260729
3D-Printed Part,3D-Printed Part_046.csv,3D-Printed Part_035.csv,"Thumb,Middle,Pinky",20260729
3D-Printed Part,3D-Printed Part_047.csv,3D-Printed Part_029.csv,"Thumb,Middle,Pinky",20260729
3D-Printed Part,3D-Printed Part_048.csv,3D-Printed Part_086.csv,"Thumb,Middle,Pinky",20260729
3D-Printed Part,3D-Printed Part_049.csv,3D-Printed Part_019.csv,"Thumb,Middle,Pinky",20260729
3D-Printed Part,3D-Printed Part_050.csv,3D-Printed Part_054.csv,"Thumb,Middle,Pinky",20260729
3D-Printed Part,3D-Printed Part_051.csv,3D-Printed Part_051.csv,"Thumb,Middle,Pinky",20260729
3D-Printed Part,3D-Printed Part_052.csv,3D-Printed Part_018.csv,"Thumb,Middle,Pinky",20260729
3D-Printed Part,3D-Printed Part_053.csv,3D-Printed Part_090.csv,"Thumb,Middle,Pinky",20260729
3D-Printed Part,3D-Printed Part_054.csv,3D-Printed Part_011.csv,"Thumb,Middle,Pinky",20260729
3D-Printed Part,3D-Printed Part_055.csv,3D-Printed Part_052.csv,"Thumb,Middle,Pinky",20260729
3D-Printed Part,3D-Printed Part_056.csv,3D-Printed Part_070.csv,"Thumb,Middle,Pinky",20260729
3D-Printed Part,3D-Printed Part_057.csv,3D-Printed Part_072.csv,"Thumb,Middle,Pinky",20260729
3D-Printed Part,3D-Printed Part_058.csv,3D-Printed Part_057.csv,"Thumb,Middle,Pinky",20260729
3D-Printed Part,3D-Printed Part_059.csv,3D-Printed Part_083.csv,"Thumb,Middle,Pinky",20260729
3D-Printed Part,3D-Printed Part_060.csv,3D-Printed Part_003.csv,"Thumb,Middle,Pinky",20260729
3D-Printed Part,3D-Printed Part_061.csv,3D-Printed Part_004.csv,"Thumb,Middle,Pinky",20260729
3D-Printed Part,3D-Printed Part_062.csv,3D-Printed Part_093.csv,"Thumb,Middle,Pinky",20260729
3D-Printed Part,3D-Printed Part_063.csv,3D-Printed Part_040.csv,"Thumb,Middle,Pinky",20260729
3D-Printed Part,3D-Printed Part_064.csv,3D-Printed Part_015.csv,"Thumb,Middle,Pinky",20260729
3D-Printed Part,3D-Printed Part_065.csv,3D-Printed Part_033.csv,"Thumb,Middle,Pinky",20260729
3D-Printed Part,3D-Printed Part_066.csv,3D-Printed Part_075.csv,"Thumb,Middle,Pinky",20260729
3D-Printed Part,3D-Printed Part_067.csv,3D-Printed Part_063.csv,"Thumb,Middle,Pinky",20260729
3D-Printed Part,3D-Printed Part_068.csv,3D-Printed Part_060.csv,"Thumb,Middle,Pinky",20260729
3D-Printed Part,3D-Printed Part_069.csv,3D-Printed Part_032.csv,"Thumb,Middle,Pinky",20260729
3D-Printed Part,3D-Printed Part_070.csv,3D-Printed Part_056.csv,"Thumb,Middle,Pinky",20260729
3D-Printed Part,3D-Printed Part_071.csv,3D-Printed Part_047.csv,"Thumb,Middle,Pinky",20260729
3D-Printed Part,3D-Printed Part_072.csv,3D-Printed Part_068.csv,"Thumb,Middle,Pinky",20260729
3D-Printed Part,3D-Printed Part_073.csv,3D-Printed Part_039.csv,"Thumb,Middle,Pinky",20260729
3D-Printed Part,3D-Printed Part_074.csv,3D-Printed Part_062.csv,"Thumb,Middle,Pinky",20260729
3D-Printed Part,3D-Printed Part_075.csv,3D-Printed Part_065.csv,"Thumb,Middle,Pinky",20260729
3D-Printed Part,3D-Printed Part_076.csv,3D-Printed Part_002.csv,"Thumb,Middle,Pinky",20260729
3D-Printed Part,3D-Printed Part_077.csv,3D-Printed Part_053.csv,"Thumb,Middle,Pinky",20260729
3D-Printed Part,3D-Printed Part_078.csv,3D-Printed Part_013.csv,"Thumb,Middle,Pinky",20260729
3D-Printed Part,3D-Printed Part_079.csv,3D-Printed Part_005.csv,"Thumb,Middle,Pinky",20260729
3D-Printed Part,3D-Printed Part_080.csv,3D-Printed Part_096.csv,"Thumb,Middle,Pinky",20260729
3D-Printed Part,3D-Printed Part_081.csv,3D-Printed Part_027.csv,"Thumb,Middle,Pinky",20260729
3D-Printed Part,3D-Printed Part_082.csv,3D-Printed Part_045.csv,"Thumb,Middle,Pinky",20260729
3D-Printed Part,3D-Printed Part_083.csv,3D-Printed Part_042.csv,"Thumb,Middle,Pinky",20260729
3D-Printed Part,3D-Printed Part_084.csv,3D-Printed Part_074.csv,"Thumb,Middle,Pinky",20260729
3D-Printed Part,3D-Printed Part_085.csv,3D-Printed Part_041.csv,"Thumb,Middle,Pinky",20260729
3D-Printed Part,3D-Printed Part_086.csv,3D-Printed Part_059.csv,"Thumb,Middle,Pinky",20260729
3D-Printed Part,3D-Printed Part_087.csv,3D-Printed Part_017.csv,"Thumb,Middle,Pinky",20260729
3D-Printed Part,3D-Printed Part_088.csv,3D-Printed Part_067.csv,"Thumb,Middle,Pinky",20260729
3D-Printed Part,3D-Printed Part_089.csv,3D-Printed Part_036.csv,"Thumb,Middle,Pinky",20260729
3D-Printed Part,3D-Printed Part_090.csv,3D-Printed Part_030.csv,"Thumb,Middle,Pinky",20260729
3D-Printed Part,3D-Printed Part_091.csv,3D-Printed Part_024.csv,"Thumb,Middle,Pinky",20260729
3D-Printed Part,3D-Printed Part_092.csv,3D-Printed Part_023.csv,"Thumb,Middle,Pinky",20260729
3D-Printed Part,3D-Printed Part_093.csv,3D-Printed Part_031.csv,"Thumb,Middle,Pinky",20260729
3D-Printed Part,3D-Printed Part_094.csv,3D-Printed Part_037.csv,"Thumb,Middle,Pinky",20260729
3D-Printed Part,3D-Printed Part_095.csv,3D-Printed Part_026.csv,"Thumb,Middle,Pinky",20260729
3D-Printed Part,3D-Printed Part_096.csv,3D-Printed Part_089.csv,"Thumb,Middle,Pinky",20260729
3D-Printed Part,3D-Printed Part_097.csv,3D-Printed Part_049.csv,"Thumb,Middle,Pinky",20260729
3D-Printed Part,3D-Printed Part_098.csv,3D-Printed Part_061.csv,"Thumb,Middle,Pinky",20260729
3D-Printed Part,3D-Printed Part_099.csv,3D-Printed Part_087.csv,"Thumb,Middle,Pinky",20260729
3D-Printed Part,3D-Printed Part_100.csv,3D-Printed Part_055.csv,"Thumb,Middle,Pinky",20260729
Baseball,Baseball_001.csv,Baseball_026.csv,"Thumb,Middle,Pinky",20260729
Baseball,Baseball_002.csv,Baseball_070.csv,"Thumb,Middle,Pinky",20260729
Baseball,Baseball_003.csv,Baseball_010.csv,"Thumb,Middle,Pinky",20260729
Baseball,Baseball_004.csv,Baseball_049.csv,"Thumb,Middle,Pinky",20260729
Baseball,Baseball_005.csv,Baseball_019.csv,"Thumb,Middle,Pinky",20260729
Baseball,Baseball_006.csv,Baseball_015.csv,"Thumb,Middle,Pinky",20260729
Baseball,Baseball_007.csv,Baseball_064.csv,"Thumb,Middle,Pinky",20260729
Baseball,Baseball_008.csv,Baseball_027.csv,"Thumb,Middle,Pinky",20260729
Baseball,Baseball_009.csv,Baseball_081.csv,"Thumb,Middle,Pinky",20260729
Baseball,Baseball_010.csv,Baseball_005.csv,"Thumb,Middle,Pinky",20260729
Baseball,Baseball_011.csv,Baseball_063.csv,"Thumb,Middle,Pinky",20260729
Baseball,Baseball_012.csv,Baseball_080.csv,"Thumb,Middle,Pinky",20260729
Baseball,Baseball_013.csv,Baseball_034.csv,"Thumb,Middle,Pinky",20260729
Baseball,Baseball_014.csv,Baseball_048.csv,"Thumb,Middle,Pinky",20260729
Baseball,Baseball_015.csv,Baseball_082.csv,"Thumb,Middle,Pinky",20260729
Baseball,Baseball_016.csv,Baseball_007.csv,"Thumb,Middle,Pinky",20260729
Baseball,Baseball_017.csv,Baseball_078.csv,"Thumb,Middle,Pinky",20260729
Baseball,Baseball_018.csv,Baseball_001.csv,"Thumb,Middle,Pinky",20260729
Baseball,Baseball_019.csv,Baseball_071.csv,"Thumb,Middle,Pinky",20260729
Baseball,Baseball_020.csv,Baseball_046.csv,"Thumb,Middle,Pinky",20260729
Baseball,Baseball_021.csv,Baseball_045.csv,"Thumb,Middle,Pinky",20260729
Baseball,Baseball_022.csv,Baseball_052.csv,"Thumb,Middle,Pinky",20260729
Baseball,Baseball_023.csv,Baseball_012.csv,"Thumb,Middle,Pinky",20260729
Baseball,Baseball_024.csv,Baseball_040.csv,"Thumb,Middle,Pinky",20260729
Baseball,Baseball_025.csv,Baseball_003.csv,"Thumb,Middle,Pinky",20260729
Baseball,Baseball_026.csv,Baseball_077.csv,"Thumb,Middle,Pinky",20260729
Baseball,Baseball_027.csv,Baseball_059.csv,"Thumb,Middle,Pinky",20260729
Baseball,Baseball_028.csv,Baseball_002.csv,"Thumb,Middle,Pinky",20260729
Baseball,Baseball_029.csv,Baseball_091.csv,"Thumb,Middle,Pinky",20260729
Baseball,Baseball_030.csv,Baseball_038.csv,"Thumb,Middle,Pinky",20260729
Baseball,Baseball_031.csv,Baseball_044.csv,"Thumb,Middle,Pinky",20260729
Baseball,Baseball_032.csv,Baseball_083.csv,"Thumb,Middle,Pinky",20260729
Baseball,Baseball_033.csv,Baseball_066.csv,"Thumb,Middle,Pinky",20260729
Baseball,Baseball_034.csv,Baseball_029.csv,"Thumb,Middle,Pinky",20260729
Baseball,Baseball_035.csv,Baseball_011.csv,"Thumb,Middle,Pinky",20260729
Baseball,Baseball_036.csv,Baseball_031.csv,"Thumb,Middle,Pinky",20260729
Baseball,Baseball_037.csv,Baseball_092.csv,"Thumb,Middle,Pinky",20260729
Baseball,Baseball_038.csv,Baseball_086.csv,"Thumb,Middle,Pinky",20260729
Baseball,Baseball_039.csv,Baseball_028.csv,"Thumb,Middle,Pinky",20260729
Baseball,Baseball_040.csv,Baseball_076.csv,"Thumb,Middle,Pinky",20260729
Baseball,Baseball_041.csv,Baseball_017.csv,"Thumb,Middle,Pinky",20260729
Baseball,Baseball_042.csv,Baseball_020.csv,"Thumb,Middle,Pinky",20260729
Baseball,Baseball_043.csv,Baseball_058.csv,"Thumb,Middle,Pinky",20260729
Baseball,Baseball_044.csv,Baseball_014.csv,"Thumb,Middle,Pinky",20260729
Baseball,Baseball_045.csv,Baseball_096.csv,"Thumb,Middle,Pinky",20260729
Baseball,Baseball_046.csv,Baseball_051.csv,"Thumb,Middle,Pinky",20260729
Baseball,Baseball_047.csv,Baseball_087.csv,"Thumb,Middle,Pinky",20260729
Baseball,Baseball_048.csv,Baseball_004.csv,"Thumb,Middle,Pinky",20260729
Baseball,Baseball_049.csv,Baseball_062.csv,"Thumb,Middle,Pinky",20260729
Baseball,Baseball_050.csv,Baseball_093.csv,"Thumb,Middle,Pinky",20260729
Baseball,Baseball_051.csv,Baseball_074.csv,"Thumb,Middle,Pinky",20260729
Baseball,Baseball_052.csv,Baseball_039.csv,"Thumb,Middle,Pinky",20260729
Baseball,Baseball_053.csv,Baseball_036.csv,"Thumb,Middle,Pinky",20260729
Baseball,Baseball_054.csv,Baseball_016.csv,"Thumb,Middle,Pinky",20260729
Baseball,Baseball_055.csv,Baseball_090.csv,"Thumb,Middle,Pinky",20260729
Baseball,Baseball_056.csv,Baseball_075.csv,"Thumb,Middle,Pinky",20260729
Baseball,Baseball_057.csv,Baseball_041.csv,"Thumb,Middle,Pinky",20260729
Baseball,Baseball_058.csv,Baseball_097.csv,"Thumb,Middle,Pinky",20260729
Baseball,Baseball_059.csv,Baseball_060.csv,"Thumb,Middle,Pinky",20260729
Baseball,Baseball_060.csv,Baseball_013.csv,"Thumb,Middle,Pinky",20260729
Baseball,Baseball_061.csv,Baseball_073.csv,"Thumb,Middle,Pinky",20260729
Baseball,Baseball_062.csv,Baseball_100.csv,"Thumb,Middle,Pinky",20260729
Baseball,Baseball_063.csv,Baseball_021.csv,"Thumb,Middle,Pinky",20260729
Baseball,Baseball_064.csv,Baseball_018.csv,"Thumb,Middle,Pinky",20260729
Baseball,Baseball_065.csv,Baseball_094.csv,"Thumb,Middle,Pinky",20260729
Baseball,Baseball_066.csv,Baseball_098.csv,"Thumb,Middle,Pinky",20260729
Baseball,Baseball_067.csv,Baseball_024.csv,"Thumb,Middle,Pinky",20260729
Baseball,Baseball_068.csv,Baseball_057.csv,"Thumb,Middle,Pinky",20260729
Baseball,Baseball_069.csv,Baseball_068.csv,"Thumb,Middle,Pinky",20260729
Baseball,Baseball_070.csv,Baseball_033.csv,"Thumb,Middle,Pinky",20260729
Baseball,Baseball_071.csv,Baseball_065.csv,"Thumb,Middle,Pinky",20260729
Baseball,Baseball_072.csv,Baseball_025.csv,"Thumb,Middle,Pinky",20260729
Baseball,Baseball_073.csv,Baseball_042.csv,"Thumb,Middle,Pinky",20260729
Baseball,Baseball_074.csv,Baseball_054.csv,"Thumb,Middle,Pinky",20260729
Baseball,Baseball_075.csv,Baseball_032.csv,"Thumb,Middle,Pinky",20260729
Baseball,Baseball_076.csv,Baseball_072.csv,"Thumb,Middle,Pinky",20260729
Baseball,Baseball_077.csv,Baseball_069.csv,"Thumb,Middle,Pinky",20260729
Baseball,Baseball_078.csv,Baseball_056.csv,"Thumb,Middle,Pinky",20260729
Baseball,Baseball_079.csv,Baseball_055.csv,"Thumb,Middle,Pinky",20260729
Baseball,Baseball_080.csv,Baseball_030.csv,"Thumb,Middle,Pinky",20260729
Baseball,Baseball_081.csv,Baseball_095.csv,"Thumb,Middle,Pinky",20260729
Baseball,Baseball_082.csv,Baseball_084.csv,"Thumb,Middle,Pinky",20260729
Baseball,Baseball_083.csv,Baseball_043.csv,"Thumb,Middle,Pinky",20260729
Baseball,Baseball_084.csv,Baseball_006.csv,"Thumb,Middle,Pinky",20260729
Baseball,Baseball_085.csv,Baseball_037.csv,"Thumb,Middle,Pinky",20260729
Baseball,Baseball_086.csv,Baseball_088.csv,"Thumb,Middle,Pinky",20260729
Baseball,Baseball_087.csv,Baseball_050.csv,"Thumb,Middle,Pinky",20260729
Baseball,Baseball_088.csv,Baseball_053.csv,"Thumb,Middle,Pinky",20260729
Baseball,Baseball_089.csv,Baseball_099.csv,"Thumb,Middle,Pinky",20260729
Baseball,Baseball_090.csv,Baseball_047.csv,"Thumb,Middle,Pinky",20260729
Baseball,Baseball_091.csv,Baseball_079.csv,"Thumb,Middle,Pinky",20260729
Baseball,Baseball_092.csv,Baseball_022.csv,"Thumb,Middle,Pinky",20260729
Baseball,Baseball_093.csv,Baseball_035.csv,"Thumb,Middle,Pinky",20260729
Baseball,Baseball_094.csv,Baseball_085.csv,"Thumb,Middle,Pinky",20260729
Baseball,Baseball_095.csv,Baseball_061.csv,"Thumb,Middle,Pinky",20260729
Baseball,Baseball_096.csv,Baseball_067.csv,"Thumb,Middle,Pinky",20260729
Baseball,Baseball_097.csv,Baseball_009.csv,"Thumb,Middle,Pinky",20260729
Baseball,Baseball_098.csv,Baseball_023.csv,"Thumb,Middle,Pinky",20260729
Baseball,Baseball_099.csv,Baseball_089.csv,"Thumb,Middle,Pinky",20260729
Baseball,Baseball_100.csv,Baseball_008.csv,"Thumb,Middle,Pinky",20260729
Bottle,Bottle_001.csv,Bottle_042.csv,"Thumb,Middle,Pinky",20260729
Bottle,Bottle_002.csv,Bottle_085.csv,"Thumb,Middle,Pinky",20260729
Bottle,Bottle_003.csv,Bottle_060.csv,"Thumb,Middle,Pinky",20260729
Bottle,Bottle_004.csv,Bottle_088.csv,"Thumb,Middle,Pinky",20260729
Bottle,Bottle_005.csv,Bottle_006.csv,"Thumb,Middle,Pinky",20260729
Bottle,Bottle_006.csv,Bottle_093.csv,"Thumb,Middle,Pinky",20260729
Bottle,Bottle_007.csv,Bottle_043.csv,"Thumb,Middle,Pinky",20260729
Bottle,Bottle_008.csv,Bottle_066.csv,"Thumb,Middle,Pinky",20260729
Bottle,Bottle_009.csv,Bottle_087.csv,"Thumb,Middle,Pinky",20260729
Bottle,Bottle_010.csv,Bottle_097.csv,"Thumb,Middle,Pinky",20260729
Bottle,Bottle_011.csv,Bottle_056.csv,"Thumb,Middle,Pinky",20260729
Bottle,Bottle_012.csv,Bottle_023.csv,"Thumb,Middle,Pinky",20260729
Bottle,Bottle_013.csv,Bottle_029.csv,"Thumb,Middle,Pinky",20260729
Bottle,Bottle_014.csv,Bottle_001.csv,"Thumb,Middle,Pinky",20260729
Bottle,Bottle_015.csv,Bottle_091.csv,"Thumb,Middle,Pinky",20260729
Bottle,Bottle_016.csv,Bottle_044.csv,"Thumb,Middle,Pinky",20260729
Bottle,Bottle_017.csv,Bottle_055.csv,"Thumb,Middle,Pinky",20260729
Bottle,Bottle_018.csv,Bottle_032.csv,"Thumb,Middle,Pinky",20260729
Bottle,Bottle_019.csv,Bottle_065.csv,"Thumb,Middle,Pinky",20260729
Bottle,Bottle_020.csv,Bottle_004.csv,"Thumb,Middle,Pinky",20260729
Bottle,Bottle_021.csv,Bottle_062.csv,"Thumb,Middle,Pinky",20260729
Bottle,Bottle_022.csv,Bottle_078.csv,"Thumb,Middle,Pinky",20260729
Bottle,Bottle_023.csv,Bottle_053.csv,"Thumb,Middle,Pinky",20260729
Bottle,Bottle_024.csv,Bottle_015.csv,"Thumb,Middle,Pinky",20260729
Bottle,Bottle_025.csv,Bottle_050.csv,"Thumb,Middle,Pinky",20260729
Bottle,Bottle_026.csv,Bottle_027.csv,"Thumb,Middle,Pinky",20260729
Bottle,Bottle_027.csv,Bottle_089.csv,"Thumb,Middle,Pinky",20260729
Bottle,Bottle_028.csv,Bottle_033.csv,"Thumb,Middle,Pinky",20260729
Bottle,Bottle_029.csv,Bottle_081.csv,"Thumb,Middle,Pinky",20260729
Bottle,Bottle_030.csv,Bottle_079.csv,"Thumb,Middle,Pinky",20260729
Bottle,Bottle_031.csv,Bottle_025.csv,"Thumb,Middle,Pinky",20260729
Bottle,Bottle_032.csv,Bottle_051.csv,"Thumb,Middle,Pinky",20260729
Bottle,Bottle_033.csv,Bottle_067.csv,"Thumb,Middle,Pinky",20260729
Bottle,Bottle_034.csv,Bottle_022.csv,"Thumb,Middle,Pinky",20260729
Bottle,Bottle_035.csv,Bottle_024.csv,"Thumb,Middle,Pinky",20260729
Bottle,Bottle_036.csv,Bottle_054.csv,"Thumb,Middle,Pinky",20260729
Bottle,Bottle_037.csv,Bottle_075.csv,"Thumb,Middle,Pinky",20260729
Bottle,Bottle_038.csv,Bottle_016.csv,"Thumb,Middle,Pinky",20260729
Bottle,Bottle_039.csv,Bottle_068.csv,"Thumb,Middle,Pinky",20260729
Bottle,Bottle_040.csv,Bottle_049.csv,"Thumb,Middle,Pinky",20260729
Bottle,Bottle_041.csv,Bottle_061.csv,"Thumb,Middle,Pinky",20260729
Bottle,Bottle_042.csv,Bottle_003.csv,"Thumb,Middle,Pinky",20260729
Bottle,Bottle_043.csv,Bottle_026.csv,"Thumb,Middle,Pinky",20260729
Bottle,Bottle_044.csv,Bottle_099.csv,"Thumb,Middle,Pinky",20260729
Bottle,Bottle_045.csv,Bottle_095.csv,"Thumb,Middle,Pinky",20260729
Bottle,Bottle_046.csv,Bottle_013.csv,"Thumb,Middle,Pinky",20260729
Bottle,Bottle_047.csv,Bottle_034.csv,"Thumb,Middle,Pinky",20260729
Bottle,Bottle_048.csv,Bottle_073.csv,"Thumb,Middle,Pinky",20260729
Bottle,Bottle_049.csv,Bottle_009.csv,"Thumb,Middle,Pinky",20260729
Bottle,Bottle_050.csv,Bottle_082.csv,"Thumb,Middle,Pinky",20260729
Bottle,Bottle_051.csv,Bottle_048.csv,"Thumb,Middle,Pinky",20260729
Bottle,Bottle_052.csv,Bottle_037.csv,"Thumb,Middle,Pinky",20260729
Bottle,Bottle_053.csv,Bottle_080.csv,"Thumb,Middle,Pinky",20260729
Bottle,Bottle_054.csv,Bottle_017.csv,"Thumb,Middle,Pinky",20260729
Bottle,Bottle_055.csv,Bottle_011.csv,"Thumb,Middle,Pinky",20260729
Bottle,Bottle_056.csv,Bottle_046.csv,"Thumb,Middle,Pinky",20260729
Bottle,Bottle_057.csv,Bottle_100.csv,"Thumb,Middle,Pinky",20260729
Bottle,Bottle_058.csv,Bottle_021.csv,"Thumb,Middle,Pinky",20260729
Bottle,Bottle_059.csv,Bottle_098.csv,"Thumb,Middle,Pinky",20260729
Bottle,Bottle_060.csv,Bottle_018.csv,"Thumb,Middle,Pinky",20260729
Bottle,Bottle_061.csv,Bottle_083.csv,"Thumb,Middle,Pinky",20260729
Bottle,Bottle_062.csv,Bottle_086.csv,"Thumb,Middle,Pinky",20260729
Bottle,Bottle_063.csv,Bottle_041.csv,"Thumb,Middle,Pinky",20260729
Bottle,Bottle_064.csv,Bottle_070.csv,"Thumb,Middle,Pinky",20260729
Bottle,Bottle_065.csv,Bottle_036.csv,"Thumb,Middle,Pinky",20260729
Bottle,Bottle_066.csv,Bottle_012.csv,"Thumb,Middle,Pinky",20260729
Bottle,Bottle_067.csv,Bottle_039.csv,"Thumb,Middle,Pinky",20260729
Bottle,Bottle_068.csv,Bottle_077.csv,"Thumb,Middle,Pinky",20260729
Bottle,Bottle_069.csv,Bottle_052.csv,"Thumb,Middle,Pinky",20260729
Bottle,Bottle_070.csv,Bottle_020.csv,"Thumb,Middle,Pinky",20260729
Bottle,Bottle_071.csv,Bottle_090.csv,"Thumb,Middle,Pinky",20260729
Bottle,Bottle_072.csv,Bottle_014.csv,"Thumb,Middle,Pinky",20260729
Bottle,Bottle_073.csv,Bottle_069.csv,"Thumb,Middle,Pinky",20260729
Bottle,Bottle_074.csv,Bottle_059.csv,"Thumb,Middle,Pinky",20260729
Bottle,Bottle_075.csv,Bottle_002.csv,"Thumb,Middle,Pinky",20260729
Bottle,Bottle_076.csv,Bottle_064.csv,"Thumb,Middle,Pinky",20260729
Bottle,Bottle_077.csv,Bottle_094.csv,"Thumb,Middle,Pinky",20260729
Bottle,Bottle_078.csv,Bottle_008.csv,"Thumb,Middle,Pinky",20260729
Bottle,Bottle_079.csv,Bottle_063.csv,"Thumb,Middle,Pinky",20260729
Bottle,Bottle_080.csv,Bottle_074.csv,"Thumb,Middle,Pinky",20260729
Bottle,Bottle_081.csv,Bottle_058.csv,"Thumb,Middle,Pinky",20260729
Bottle,Bottle_082.csv,Bottle_045.csv,"Thumb,Middle,Pinky",20260729
Bottle,Bottle_083.csv,Bottle_092.csv,"Thumb,Middle,Pinky",20260729
Bottle,Bottle_084.csv,Bottle_040.csv,"Thumb,Middle,Pinky",20260729
Bottle,Bottle_085.csv,Bottle_038.csv,"Thumb,Middle,Pinky",20260729
Bottle,Bottle_086.csv,Bottle_047.csv,"Thumb,Middle,Pinky",20260729
Bottle,Bottle_087.csv,Bottle_084.csv,"Thumb,Middle,Pinky",20260729
Bottle,Bottle_088.csv,Bottle_071.csv,"Thumb,Middle,Pinky",20260729
Bottle,Bottle_089.csv,Bottle_030.csv,"Thumb,Middle,Pinky",20260729
Bottle,Bottle_090.csv,Bottle_035.csv,"Thumb,Middle,Pinky",20260729
Bottle,Bottle_091.csv,Bottle_096.csv,"Thumb,Middle,Pinky",20260729
Bottle,Bottle_092.csv,Bottle_019.csv,"Thumb,Middle,Pinky",20260729
Bottle,Bottle_093.csv,Bottle_010.csv,"Thumb,Middle,Pinky",20260729
Bottle,Bottle_094.csv,Bottle_007.csv,"Thumb,Middle,Pinky",20260729
Bottle,Bottle_095.csv,Bottle_057.csv,"Thumb,Middle,Pinky",20260729
Bottle,Bottle_096.csv,Bottle_072.csv,"Thumb,Middle,Pinky",20260729
Bottle,Bottle_097.csv,Bottle_028.csv,"Thumb,Middle,Pinky",20260729
Bottle,Bottle_098.csv,Bottle_031.csv,"Thumb,Middle,Pinky",20260729
Bottle,Bottle_099.csv,Bottle_076.csv,"Thumb,Middle,Pinky",20260729
Bottle,Bottle_100.csv,Bottle_005.csv,"Thumb,Middle,Pinky",20260729
Optical Mouse,Optical Mouse_001.csv,Optical Mouse_052.csv,"Thumb,Middle,Pinky",20260729
Optical Mouse,Optical Mouse_002.csv,Optical Mouse_088.csv,"Thumb,Middle,Pinky",20260729
Optical Mouse,Optical Mouse_003.csv,Optical Mouse_079.csv,"Thumb,Middle,Pinky",20260729
Optical Mouse,Optical Mouse_004.csv,Optical Mouse_001.csv,"Thumb,Middle,Pinky",20260729
Optical Mouse,Optical Mouse_005.csv,Optical Mouse_056.csv,"Thumb,Middle,Pinky",20260729
Optical Mouse,Optical Mouse_006.csv,Optical Mouse_071.csv,"Thumb,Middle,Pinky",20260729
Optical Mouse,Optical Mouse_007.csv,Optical Mouse_099.csv,"Thumb,Middle,Pinky",20260729
Optical Mouse,Optical Mouse_008.csv,Optical Mouse_063.csv,"Thumb,Middle,Pinky",20260729
Optical Mouse,Optical Mouse_009.csv,Optical Mouse_066.csv,"Thumb,Middle,Pinky",20260729
Optical Mouse,Optical Mouse_010.csv,Optical Mouse_097.csv,"Thumb,Middle,Pinky",20260729
Optical Mouse,Optical Mouse_011.csv,Optical Mouse_038.csv,"Thumb,Middle,Pinky",20260729
Optical Mouse,Optical Mouse_012.csv,Optical Mouse_078.csv,"Thumb,Middle,Pinky",20260729
Optical Mouse,Optical Mouse_013.csv,Optical Mouse_016.csv,"Thumb,Middle,Pinky",20260729
Optical Mouse,Optical Mouse_014.csv,Optical Mouse_086.csv,"Thumb,Middle,Pinky",20260729
Optical Mouse,Optical Mouse_015.csv,Optical Mouse_034.csv,"Thumb,Middle,Pinky",20260729
Optical Mouse,Optical Mouse_016.csv,Optical Mouse_051.csv,"Thumb,Middle,Pinky",20260729
Optical Mouse,Optical Mouse_017.csv,Optical Mouse_065.csv,"Thumb,Middle,Pinky",20260729
Optical Mouse,Optical Mouse_018.csv,Optical Mouse_007.csv,"Thumb,Middle,Pinky",20260729
Optical Mouse,Optical Mouse_019.csv,Optical Mouse_084.csv,"Thumb,Middle,Pinky",20260729
Optical Mouse,Optical Mouse_020.csv,Optical Mouse_068.csv,"Thumb,Middle,Pinky",20260729
Optical Mouse,Optical Mouse_021.csv,Optical Mouse_046.csv,"Thumb,Middle,Pinky",20260729
Optical Mouse,Optical Mouse_022.csv,Optical Mouse_091.csv,"Thumb,Middle,Pinky",20260729
Optical Mouse,Optical Mouse_023.csv,Optical Mouse_030.csv,"Thumb,Middle,Pinky",20260729
Optical Mouse,Optical Mouse_024.csv,Optical Mouse_045.csv,"Thumb,Middle,Pinky",20260729
Optical Mouse,Optical Mouse_025.csv,Optical Mouse_027.csv,"Thumb,Middle,Pinky",20260729
Optical Mouse,Optical Mouse_026.csv,Optical Mouse_072.csv,"Thumb,Middle,Pinky",20260729
Optical Mouse,Optical Mouse_027.csv,Optical Mouse_039.csv,"Thumb,Middle,Pinky",20260729
Optical Mouse,Optical Mouse_028.csv,Optical Mouse_098.csv,"Thumb,Middle,Pinky",20260729
Optical Mouse,Optical Mouse_029.csv,Optical Mouse_067.csv,"Thumb,Middle,Pinky",20260729
Optical Mouse,Optical Mouse_030.csv,Optical Mouse_060.csv,"Thumb,Middle,Pinky",20260729
Optical Mouse,Optical Mouse_031.csv,Optical Mouse_003.csv,"Thumb,Middle,Pinky",20260729
Optical Mouse,Optical Mouse_032.csv,Optical Mouse_021.csv,"Thumb,Middle,Pinky",20260729
Optical Mouse,Optical Mouse_033.csv,Optical Mouse_050.csv,"Thumb,Middle,Pinky",20260729
Optical Mouse,Optical Mouse_034.csv,Optical Mouse_057.csv,"Thumb,Middle,Pinky",20260729
Optical Mouse,Optical Mouse_035.csv,Optical Mouse_009.csv,"Thumb,Middle,Pinky",20260729
Optical Mouse,Optical Mouse_036.csv,Optical Mouse_096.csv,"Thumb,Middle,Pinky",20260729
Optical Mouse,Optical Mouse_037.csv,Optical Mouse_041.csv,"Thumb,Middle,Pinky",20260729
Optical Mouse,Optical Mouse_038.csv,Optical Mouse_047.csv,"Thumb,Middle,Pinky",20260729
Optical Mouse,Optical Mouse_039.csv,Optical Mouse_005.csv,"Thumb,Middle,Pinky",20260729
Optical Mouse,Optical Mouse_040.csv,Optical Mouse_019.csv,"Thumb,Middle,Pinky",20260729
Optical Mouse,Optical Mouse_041.csv,Optical Mouse_017.csv,"Thumb,Middle,Pinky",20260729
Optical Mouse,Optical Mouse_042.csv,Optical Mouse_008.csv,"Thumb,Middle,Pinky",20260729
Optical Mouse,Optical Mouse_043.csv,Optical Mouse_004.csv,"Thumb,Middle,Pinky",20260729
Optical Mouse,Optical Mouse_044.csv,Optical Mouse_044.csv,"Thumb,Middle,Pinky",20260729
Optical Mouse,Optical Mouse_045.csv,Optical Mouse_014.csv,"Thumb,Middle,Pinky",20260729
Optical Mouse,Optical Mouse_046.csv,Optical Mouse_042.csv,"Thumb,Middle,Pinky",20260729
Optical Mouse,Optical Mouse_047.csv,Optical Mouse_049.csv,"Thumb,Middle,Pinky",20260729
Optical Mouse,Optical Mouse_048.csv,Optical Mouse_025.csv,"Thumb,Middle,Pinky",20260729
Optical Mouse,Optical Mouse_049.csv,Optical Mouse_013.csv,"Thumb,Middle,Pinky",20260729
Optical Mouse,Optical Mouse_050.csv,Optical Mouse_080.csv,"Thumb,Middle,Pinky",20260729
Optical Mouse,Optical Mouse_051.csv,Optical Mouse_064.csv,"Thumb,Middle,Pinky",20260729
Optical Mouse,Optical Mouse_052.csv,Optical Mouse_036.csv,"Thumb,Middle,Pinky",20260729
Optical Mouse,Optical Mouse_053.csv,Optical Mouse_012.csv,"Thumb,Middle,Pinky",20260729
Optical Mouse,Optical Mouse_054.csv,Optical Mouse_028.csv,"Thumb,Middle,Pinky",20260729
Optical Mouse,Optical Mouse_055.csv,Optical Mouse_093.csv,"Thumb,Middle,Pinky",20260729
Optical Mouse,Optical Mouse_056.csv,Optical Mouse_069.csv,"Thumb,Middle,Pinky",20260729
Optical Mouse,Optical Mouse_057.csv,Optical Mouse_053.csv,"Thumb,Middle,Pinky",20260729
Optical Mouse,Optical Mouse_058.csv,Optical Mouse_040.csv,"Thumb,Middle,Pinky",20260729
Optical Mouse,Optical Mouse_059.csv,Optical Mouse_022.csv,"Thumb,Middle,Pinky",20260729
Optical Mouse,Optical Mouse_060.csv,Optical Mouse_083.csv,"Thumb,Middle,Pinky",20260729
Optical Mouse,Optical Mouse_061.csv,Optical Mouse_031.csv,"Thumb,Middle,Pinky",20260729
Optical Mouse,Optical Mouse_062.csv,Optical Mouse_010.csv,"Thumb,Middle,Pinky",20260729
Optical Mouse,Optical Mouse_063.csv,Optical Mouse_048.csv,"Thumb,Middle,Pinky",20260729
Optical Mouse,Optical Mouse_064.csv,Optical Mouse_058.csv,"Thumb,Middle,Pinky",20260729
Optical Mouse,Optical Mouse_065.csv,Optical Mouse_055.csv,"Thumb,Middle,Pinky",20260729
Optical Mouse,Optical Mouse_066.csv,Optical Mouse_062.csv,"Thumb,Middle,Pinky",20260729
Optical Mouse,Optical Mouse_067.csv,Optical Mouse_075.csv,"Thumb,Middle,Pinky",20260729
Optical Mouse,Optical Mouse_068.csv,Optical Mouse_020.csv,"Thumb,Middle,Pinky",20260729
Optical Mouse,Optical Mouse_069.csv,Optical Mouse_070.csv,"Thumb,Middle,Pinky",20260729
Optical Mouse,Optical Mouse_070.csv,Optical Mouse_059.csv,"Thumb,Middle,Pinky",20260729
Optical Mouse,Optical Mouse_071.csv,Optical Mouse_011.csv,"Thumb,Middle,Pinky",20260729
Optical Mouse,Optical Mouse_072.csv,Optical Mouse_076.csv,"Thumb,Middle,Pinky",20260729
Optical Mouse,Optical Mouse_073.csv,Optical Mouse_100.csv,"Thumb,Middle,Pinky",20260729
Optical Mouse,Optical Mouse_074.csv,Optical Mouse_026.csv,"Thumb,Middle,Pinky",20260729
Optical Mouse,Optical Mouse_075.csv,Optical Mouse_094.csv,"Thumb,Middle,Pinky",20260729
Optical Mouse,Optical Mouse_076.csv,Optical Mouse_018.csv,"Thumb,Middle,Pinky",20260729
Optical Mouse,Optical Mouse_077.csv,Optical Mouse_054.csv,"Thumb,Middle,Pinky",20260729
Optical Mouse,Optical Mouse_078.csv,Optical Mouse_090.csv,"Thumb,Middle,Pinky",20260729
Optical Mouse,Optical Mouse_079.csv,Optical Mouse_024.csv,"Thumb,Middle,Pinky",20260729
Optical Mouse,Optical Mouse_080.csv,Optical Mouse_043.csv,"Thumb,Middle,Pinky",20260729
Optical Mouse,Optical Mouse_081.csv,Optical Mouse_029.csv,"Thumb,Middle,Pinky",20260729
Optical Mouse,Optical Mouse_082.csv,Optical Mouse_006.csv,"Thumb,Middle,Pinky",20260729
Optical Mouse,Optical Mouse_083.csv,Optical Mouse_074.csv,"Thumb,Middle,Pinky",20260729
Optical Mouse,Optical Mouse_084.csv,Optical Mouse_002.csv,"Thumb,Middle,Pinky",20260729
Optical Mouse,Optical Mouse_085.csv,Optical Mouse_082.csv,"Thumb,Middle,Pinky",20260729
Optical Mouse,Optical Mouse_086.csv,Optical Mouse_081.csv,"Thumb,Middle,Pinky",20260729
Optical Mouse,Optical Mouse_087.csv,Optical Mouse_023.csv,"Thumb,Middle,Pinky",20260729
Optical Mouse,Optical Mouse_088.csv,Optical Mouse_092.csv,"Thumb,Middle,Pinky",20260729
Optical Mouse,Optical Mouse_089.csv,Optical Mouse_085.csv,"Thumb,Middle,Pinky",20260729
Optical Mouse,Optical Mouse_090.csv,Optical Mouse_077.csv,"Thumb,Middle,Pinky",20260729
Optical Mouse,Optical Mouse_091.csv,Optical Mouse_035.csv,"Thumb,Middle,Pinky",20260729
Optical Mouse,Optical Mouse_092.csv,Optical Mouse_015.csv,"Thumb,Middle,Pinky",20260729
Optical Mouse,Optical Mouse_093.csv,Optical Mouse_087.csv,"Thumb,Middle,Pinky",20260729
Optical Mouse,Optical Mouse_094.csv,Optical Mouse_032.csv,"Thumb,Middle,Pinky",20260729
Optical Mouse,Optical Mouse_095.csv,Optical Mouse_089.csv,"Thumb,Middle,Pinky",20260729
Optical Mouse,Optical Mouse_096.csv,Optical Mouse_073.csv,"Thumb,Middle,Pinky",20260729
Optical Mouse,Optical Mouse_097.csv,Optical Mouse_037.csv,"Thumb,Middle,Pinky",20260729
Optical Mouse,Optical Mouse_098.csv,Optical Mouse_033.csv,"Thumb,Middle,Pinky",20260729
Optical Mouse,Optical Mouse_099.csv,Optical Mouse_061.csv,"Thumb,Middle,Pinky",20260729
Optical Mouse,Optical Mouse_100.csv,Optical Mouse_095.csv,"Thumb,Middle,Pinky",20260729
Plush Toy,Plush Toy_001.csv,Plush Toy_005.csv,"Thumb,Middle,Pinky",20260729
Plush Toy,Plush Toy_002.csv,Plush Toy_063.csv,"Thumb,Middle,Pinky",20260729
Plush Toy,Plush Toy_003.csv,Plush Toy_083.csv,"Thumb,Middle,Pinky",20260729
Plush Toy,Plush Toy_004.csv,Plush Toy_074.csv,"Thumb,Middle,Pinky",20260729
Plush Toy,Plush Toy_005.csv,Plush Toy_092.csv,"Thumb,Middle,Pinky",20260729
Plush Toy,Plush Toy_006.csv,Plush Toy_084.csv,"Thumb,Middle,Pinky",20260729
Plush Toy,Plush Toy_007.csv,Plush Toy_054.csv,"Thumb,Middle,Pinky",20260729
Plush Toy,Plush Toy_008.csv,Plush Toy_026.csv,"Thumb,Middle,Pinky",20260729
Plush Toy,Plush Toy_009.csv,Plush Toy_003.csv,"Thumb,Middle,Pinky",20260729
Plush Toy,Plush Toy_010.csv,Plush Toy_095.csv,"Thumb,Middle,Pinky",20260729
Plush Toy,Plush Toy_011.csv,Plush Toy_090.csv,"Thumb,Middle,Pinky",20260729
Plush Toy,Plush Toy_012.csv,Plush Toy_085.csv,"Thumb,Middle,Pinky",20260729
Plush Toy,Plush Toy_013.csv,Plush Toy_031.csv,"Thumb,Middle,Pinky",20260729
Plush Toy,Plush Toy_014.csv,Plush Toy_015.csv,"Thumb,Middle,Pinky",20260729
Plush Toy,Plush Toy_015.csv,Plush Toy_029.csv,"Thumb,Middle,Pinky",20260729
Plush Toy,Plush Toy_016.csv,Plush Toy_022.csv,"Thumb,Middle,Pinky",20260729
Plush Toy,Plush Toy_017.csv,Plush Toy_068.csv,"Thumb,Middle,Pinky",20260729
Plush Toy,Plush Toy_018.csv,Plush Toy_087.csv,"Thumb,Middle,Pinky",20260729
Plush Toy,Plush Toy_019.csv,Plush Toy_097.csv,"Thumb,Middle,Pinky",20260729
Plush Toy,Plush Toy_020.csv,Plush Toy_014.csv,"Thumb,Middle,Pinky",20260729
Plush Toy,Plush Toy_021.csv,Plush Toy_009.csv,"Thumb,Middle,Pinky",20260729
Plush Toy,Plush Toy_022.csv,Plush Toy_018.csv,"Thumb,Middle,Pinky",20260729
Plush Toy,Plush Toy_023.csv,Plush Toy_096.csv,"Thumb,Middle,Pinky",20260729
Plush Toy,Plush Toy_024.csv,Plush Toy_080.csv,"Thumb,Middle,Pinky",20260729
Plush Toy,Plush Toy_025.csv,Plush Toy_075.csv,"Thumb,Middle,Pinky",20260729
Plush Toy,Plush Toy_026.csv,Plush Toy_055.csv,"Thumb,Middle,Pinky",20260729
Plush Toy,Plush Toy_027.csv,Plush Toy_036.csv,"Thumb,Middle,Pinky",20260729
Plush Toy,Plush Toy_028.csv,Plush Toy_032.csv,"Thumb,Middle,Pinky",20260729
Plush Toy,Plush Toy_029.csv,Plush Toy_045.csv,"Thumb,Middle,Pinky",20260729
Plush Toy,Plush Toy_030.csv,Plush Toy_099.csv,"Thumb,Middle,Pinky",20260729
Plush Toy,Plush Toy_031.csv,Plush Toy_064.csv,"Thumb,Middle,Pinky",20260729
Plush Toy,Plush Toy_032.csv,Plush Toy_020.csv,"Thumb,Middle,Pinky",20260729
Plush Toy,Plush Toy_033.csv,Plush Toy_065.csv,"Thumb,Middle,Pinky",20260729
Plush Toy,Plush Toy_034.csv,Plush Toy_013.csv,"Thumb,Middle,Pinky",20260729
Plush Toy,Plush Toy_035.csv,Plush Toy_002.csv,"Thumb,Middle,Pinky",20260729
Plush Toy,Plush Toy_036.csv,Plush Toy_025.csv,"Thumb,Middle,Pinky",20260729
Plush Toy,Plush Toy_037.csv,Plush Toy_066.csv,"Thumb,Middle,Pinky",20260729
Plush Toy,Plush Toy_038.csv,Plush Toy_079.csv,"Thumb,Middle,Pinky",20260729
Plush Toy,Plush Toy_039.csv,Plush Toy_004.csv,"Thumb,Middle,Pinky",20260729
Plush Toy,Plush Toy_040.csv,Plush Toy_052.csv,"Thumb,Middle,Pinky",20260729
Plush Toy,Plush Toy_041.csv,Plush Toy_093.csv,"Thumb,Middle,Pinky",20260729
Plush Toy,Plush Toy_042.csv,Plush Toy_072.csv,"Thumb,Middle,Pinky",20260729
Plush Toy,Plush Toy_043.csv,Plush Toy_078.csv,"Thumb,Middle,Pinky",20260729
Plush Toy,Plush Toy_044.csv,Plush Toy_044.csv,"Thumb,Middle,Pinky",20260729
Plush Toy,Plush Toy_045.csv,Plush Toy_062.csv,"Thumb,Middle,Pinky",20260729
Plush Toy,Plush Toy_046.csv,Plush Toy_001.csv,"Thumb,Middle,Pinky",20260729
Plush Toy,Plush Toy_047.csv,Plush Toy_088.csv,"Thumb,Middle,Pinky",20260729
Plush Toy,Plush Toy_048.csv,Plush Toy_100.csv,"Thumb,Middle,Pinky",20260729
Plush Toy,Plush Toy_049.csv,Plush Toy_086.csv,"Thumb,Middle,Pinky",20260729
Plush Toy,Plush Toy_050.csv,Plush Toy_042.csv,"Thumb,Middle,Pinky",20260729
Plush Toy,Plush Toy_051.csv,Plush Toy_048.csv,"Thumb,Middle,Pinky",20260729
Plush Toy,Plush Toy_052.csv,Plush Toy_091.csv,"Thumb,Middle,Pinky",20260729
Plush Toy,Plush Toy_053.csv,Plush Toy_023.csv,"Thumb,Middle,Pinky",20260729
Plush Toy,Plush Toy_054.csv,Plush Toy_011.csv,"Thumb,Middle,Pinky",20260729
Plush Toy,Plush Toy_055.csv,Plush Toy_057.csv,"Thumb,Middle,Pinky",20260729
Plush Toy,Plush Toy_056.csv,Plush Toy_010.csv,"Thumb,Middle,Pinky",20260729
Plush Toy,Plush Toy_057.csv,Plush Toy_008.csv,"Thumb,Middle,Pinky",20260729
Plush Toy,Plush Toy_058.csv,Plush Toy_037.csv,"Thumb,Middle,Pinky",20260729
Plush Toy,Plush Toy_059.csv,Plush Toy_081.csv,"Thumb,Middle,Pinky",20260729
Plush Toy,Plush Toy_060.csv,Plush Toy_098.csv,"Thumb,Middle,Pinky",20260729
Plush Toy,Plush Toy_061.csv,Plush Toy_043.csv,"Thumb,Middle,Pinky",20260729
Plush Toy,Plush Toy_062.csv,Plush Toy_094.csv,"Thumb,Middle,Pinky",20260729
Plush Toy,Plush Toy_063.csv,Plush Toy_067.csv,"Thumb,Middle,Pinky",20260729
Plush Toy,Plush Toy_064.csv,Plush Toy_035.csv,"Thumb,Middle,Pinky",20260729
Plush Toy,Plush Toy_065.csv,Plush Toy_070.csv,"Thumb,Middle,Pinky",20260729
Plush Toy,Plush Toy_066.csv,Plush Toy_024.csv,"Thumb,Middle,Pinky",20260729
Plush Toy,Plush Toy_067.csv,Plush Toy_076.csv,"Thumb,Middle,Pinky",20260729
Plush Toy,Plush Toy_068.csv,Plush Toy_012.csv,"Thumb,Middle,Pinky",20260729
Plush Toy,Plush Toy_069.csv,Plush Toy_033.csv,"Thumb,Middle,Pinky",20260729
Plush Toy,Plush Toy_070.csv,Plush Toy_039.csv,"Thumb,Middle,Pinky",20260729
Plush Toy,Plush Toy_071.csv,Plush Toy_047.csv,"Thumb,Middle,Pinky",20260729
Plush Toy,Plush Toy_072.csv,Plush Toy_007.csv,"Thumb,Middle,Pinky",20260729
Plush Toy,Plush Toy_073.csv,Plush Toy_046.csv,"Thumb,Middle,Pinky",20260729
Plush Toy,Plush Toy_074.csv,Plush Toy_041.csv,"Thumb,Middle,Pinky",20260729
Plush Toy,Plush Toy_075.csv,Plush Toy_038.csv,"Thumb,Middle,Pinky",20260729
Plush Toy,Plush Toy_076.csv,Plush Toy_082.csv,"Thumb,Middle,Pinky",20260729
Plush Toy,Plush Toy_077.csv,Plush Toy_050.csv,"Thumb,Middle,Pinky",20260729
Plush Toy,Plush Toy_078.csv,Plush Toy_060.csv,"Thumb,Middle,Pinky",20260729
Plush Toy,Plush Toy_079.csv,Plush Toy_006.csv,"Thumb,Middle,Pinky",20260729
Plush Toy,Plush Toy_080.csv,Plush Toy_017.csv,"Thumb,Middle,Pinky",20260729
Plush Toy,Plush Toy_081.csv,Plush Toy_051.csv,"Thumb,Middle,Pinky",20260729
Plush Toy,Plush Toy_082.csv,Plush Toy_053.csv,"Thumb,Middle,Pinky",20260729
Plush Toy,Plush Toy_083.csv,Plush Toy_016.csv,"Thumb,Middle,Pinky",20260729
Plush Toy,Plush Toy_084.csv,Plush Toy_071.csv,"Thumb,Middle,Pinky",20260729
Plush Toy,Plush Toy_085.csv,Plush Toy_034.csv,"Thumb,Middle,Pinky",20260729
Plush Toy,Plush Toy_086.csv,Plush Toy_021.csv,"Thumb,Middle,Pinky",20260729
Plush Toy,Plush Toy_087.csv,Plush Toy_040.csv,"Thumb,Middle,Pinky",20260729
Plush Toy,Plush Toy_088.csv,Plush Toy_028.csv,"Thumb,Middle,Pinky",20260729
Plush Toy,Plush Toy_089.csv,Plush Toy_056.csv,"Thumb,Middle,Pinky",20260729
Plush Toy,Plush Toy_090.csv,Plush Toy_058.csv,"Thumb,Middle,Pinky",20260729
Plush Toy,Plush Toy_091.csv,Plush Toy_049.csv,"Thumb,Middle,Pinky",20260729
Plush Toy,Plush Toy_092.csv,Plush Toy_089.csv,"Thumb,Middle,Pinky",20260729
Plush Toy,Plush Toy_093.csv,Plush Toy_059.csv,"Thumb,Middle,Pinky",20260729
Plush Toy,Plush Toy_094.csv,Plush Toy_061.csv,"Thumb,Middle,Pinky",20260729
Plush Toy,Plush Toy_095.csv,Plush Toy_077.csv,"Thumb,Middle,Pinky",20260729
Plush Toy,Plush Toy_096.csv,Plush Toy_073.csv,"Thumb,Middle,Pinky",20260729
Plush Toy,Plush Toy_097.csv,Plush Toy_069.csv,"Thumb,Middle,Pinky",20260729
Plush Toy,Plush Toy_098.csv,Plush Toy_019.csv,"Thumb,Middle,Pinky",20260729
Plush Toy,Plush Toy_099.csv,Plush Toy_027.csv,"Thumb,Middle,Pinky",20260729
Plush Toy,Plush Toy_100.csv,Plush Toy_030.csv,"Thumb,Middle,Pinky",20260729
Rubik's Cube,Rubik's Cube_001.csv,Rubik's Cube_023.csv,"Thumb,Middle,Pinky",20260729
Rubik's Cube,Rubik's Cube_002.csv,Rubik's Cube_038.csv,"Thumb,Middle,Pinky",20260729
Rubik's Cube,Rubik's Cube_003.csv,Rubik's Cube_012.csv,"Thumb,Middle,Pinky",20260729
Rubik's Cube,Rubik's Cube_004.csv,Rubik's Cube_039.csv,"Thumb,Middle,Pinky",20260729
Rubik's Cube,Rubik's Cube_005.csv,Rubik's Cube_024.csv,"Thumb,Middle,Pinky",20260729
Rubik's Cube,Rubik's Cube_006.csv,Rubik's Cube_015.csv,"Thumb,Middle,Pinky",20260729
Rubik's Cube,Rubik's Cube_007.csv,Rubik's Cube_047.csv,"Thumb,Middle,Pinky",20260729
Rubik's Cube,Rubik's Cube_008.csv,Rubik's Cube_077.csv,"Thumb,Middle,Pinky",20260729
Rubik's Cube,Rubik's Cube_009.csv,Rubik's Cube_061.csv,"Thumb,Middle,Pinky",20260729
Rubik's Cube,Rubik's Cube_010.csv,Rubik's Cube_018.csv,"Thumb,Middle,Pinky",20260729
Rubik's Cube,Rubik's Cube_011.csv,Rubik's Cube_062.csv,"Thumb,Middle,Pinky",20260729
Rubik's Cube,Rubik's Cube_012.csv,Rubik's Cube_043.csv,"Thumb,Middle,Pinky",20260729
Rubik's Cube,Rubik's Cube_013.csv,Rubik's Cube_084.csv,"Thumb,Middle,Pinky",20260729
Rubik's Cube,Rubik's Cube_014.csv,Rubik's Cube_099.csv,"Thumb,Middle,Pinky",20260729
Rubik's Cube,Rubik's Cube_015.csv,Rubik's Cube_050.csv,"Thumb,Middle,Pinky",20260729
Rubik's Cube,Rubik's Cube_016.csv,Rubik's Cube_036.csv,"Thumb,Middle,Pinky",20260729
Rubik's Cube,Rubik's Cube_017.csv,Rubik's Cube_097.csv,"Thumb,Middle,Pinky",20260729
Rubik's Cube,Rubik's Cube_018.csv,Rubik's Cube_021.csv,"Thumb,Middle,Pinky",20260729
Rubik's Cube,Rubik's Cube_019.csv,Rubik's Cube_093.csv,"Thumb,Middle,Pinky",20260729
Rubik's Cube,Rubik's Cube_020.csv,Rubik's Cube_019.csv,"Thumb,Middle,Pinky",20260729
Rubik's Cube,Rubik's Cube_021.csv,Rubik's Cube_053.csv,"Thumb,Middle,Pinky",20260729
Rubik's Cube,Rubik's Cube_022.csv,Rubik's Cube_046.csv,"Thumb,Middle,Pinky",20260729
Rubik's Cube,Rubik's Cube_023.csv,Rubik's Cube_001.csv,"Thumb,Middle,Pinky",20260729
Rubik's Cube,Rubik's Cube_024.csv,Rubik's Cube_009.csv,"Thumb,Middle,Pinky",20260729
Rubik's Cube,Rubik's Cube_025.csv,Rubik's Cube_085.csv,"Thumb,Middle,Pinky",20260729
Rubik's Cube,Rubik's Cube_026.csv,Rubik's Cube_100.csv,"Thumb,Middle,Pinky",20260729
Rubik's Cube,Rubik's Cube_027.csv,Rubik's Cube_060.csv,"Thumb,Middle,Pinky",20260729
Rubik's Cube,Rubik's Cube_028.csv,Rubik's Cube_034.csv,"Thumb,Middle,Pinky",20260729
Rubik's Cube,Rubik's Cube_029.csv,Rubik's Cube_096.csv,"Thumb,Middle,Pinky",20260729
Rubik's Cube,Rubik's Cube_030.csv,Rubik's Cube_072.csv,"Thumb,Middle,Pinky",20260729
Rubik's Cube,Rubik's Cube_031.csv,Rubik's Cube_070.csv,"Thumb,Middle,Pinky",20260729
Rubik's Cube,Rubik's Cube_032.csv,Rubik's Cube_068.csv,"Thumb,Middle,Pinky",20260729
Rubik's Cube,Rubik's Cube_033.csv,Rubik's Cube_055.csv,"Thumb,Middle,Pinky",20260729
Rubik's Cube,Rubik's Cube_034.csv,Rubik's Cube_013.csv,"Thumb,Middle,Pinky",20260729
Rubik's Cube,Rubik's Cube_035.csv,Rubik's Cube_045.csv,"Thumb,Middle,Pinky",20260729
Rubik's Cube,Rubik's Cube_036.csv,Rubik's Cube_008.csv,"Thumb,Middle,Pinky",20260729
Rubik's Cube,Rubik's Cube_037.csv,Rubik's Cube_003.csv,"Thumb,Middle,Pinky",20260729
Rubik's Cube,Rubik's Cube_038.csv,Rubik's Cube_054.csv,"Thumb,Middle,Pinky",20260729
Rubik's Cube,Rubik's Cube_039.csv,Rubik's Cube_052.csv,"Thumb,Middle,Pinky",20260729
Rubik's Cube,Rubik's Cube_040.csv,Rubik's Cube_040.csv,"Thumb,Middle,Pinky",20260729
Rubik's Cube,Rubik's Cube_041.csv,Rubik's Cube_087.csv,"Thumb,Middle,Pinky",20260729
Rubik's Cube,Rubik's Cube_042.csv,Rubik's Cube_014.csv,"Thumb,Middle,Pinky",20260729
Rubik's Cube,Rubik's Cube_043.csv,Rubik's Cube_065.csv,"Thumb,Middle,Pinky",20260729
Rubik's Cube,Rubik's Cube_044.csv,Rubik's Cube_016.csv,"Thumb,Middle,Pinky",20260729
Rubik's Cube,Rubik's Cube_045.csv,Rubik's Cube_063.csv,"Thumb,Middle,Pinky",20260729
Rubik's Cube,Rubik's Cube_046.csv,Rubik's Cube_057.csv,"Thumb,Middle,Pinky",20260729
Rubik's Cube,Rubik's Cube_047.csv,Rubik's Cube_094.csv,"Thumb,Middle,Pinky",20260729
Rubik's Cube,Rubik's Cube_048.csv,Rubik's Cube_022.csv,"Thumb,Middle,Pinky",20260729
Rubik's Cube,Rubik's Cube_049.csv,Rubik's Cube_064.csv,"Thumb,Middle,Pinky",20260729
Rubik's Cube,Rubik's Cube_050.csv,Rubik's Cube_037.csv,"Thumb,Middle,Pinky",20260729
Rubik's Cube,Rubik's Cube_051.csv,Rubik's Cube_080.csv,"Thumb,Middle,Pinky",20260729
Rubik's Cube,Rubik's Cube_052.csv,Rubik's Cube_035.csv,"Thumb,Middle,Pinky",20260729
Rubik's Cube,Rubik's Cube_053.csv,Rubik's Cube_088.csv,"Thumb,Middle,Pinky",20260729
Rubik's Cube,Rubik's Cube_054.csv,Rubik's Cube_020.csv,"Thumb,Middle,Pinky",20260729
Rubik's Cube,Rubik's Cube_055.csv,Rubik's Cube_098.csv,"Thumb,Middle,Pinky",20260729
Rubik's Cube,Rubik's Cube_056.csv,Rubik's Cube_029.csv,"Thumb,Middle,Pinky",20260729
Rubik's Cube,Rubik's Cube_057.csv,Rubik's Cube_075.csv,"Thumb,Middle,Pinky",20260729
Rubik's Cube,Rubik's Cube_058.csv,Rubik's Cube_002.csv,"Thumb,Middle,Pinky",20260729
Rubik's Cube,Rubik's Cube_059.csv,Rubik's Cube_083.csv,"Thumb,Middle,Pinky",20260729
Rubik's Cube,Rubik's Cube_060.csv,Rubik's Cube_031.csv,"Thumb,Middle,Pinky",20260729
Rubik's Cube,Rubik's Cube_061.csv,Rubik's Cube_032.csv,"Thumb,Middle,Pinky",20260729
Rubik's Cube,Rubik's Cube_062.csv,Rubik's Cube_042.csv,"Thumb,Middle,Pinky",20260729
Rubik's Cube,Rubik's Cube_063.csv,Rubik's Cube_081.csv,"Thumb,Middle,Pinky",20260729
Rubik's Cube,Rubik's Cube_064.csv,Rubik's Cube_078.csv,"Thumb,Middle,Pinky",20260729
Rubik's Cube,Rubik's Cube_065.csv,Rubik's Cube_058.csv,"Thumb,Middle,Pinky",20260729
Rubik's Cube,Rubik's Cube_066.csv,Rubik's Cube_067.csv,"Thumb,Middle,Pinky",20260729
Rubik's Cube,Rubik's Cube_067.csv,Rubik's Cube_069.csv,"Thumb,Middle,Pinky",20260729
Rubik's Cube,Rubik's Cube_068.csv,Rubik's Cube_090.csv,"Thumb,Middle,Pinky",20260729
Rubik's Cube,Rubik's Cube_069.csv,Rubik's Cube_066.csv,"Thumb,Middle,Pinky",20260729
Rubik's Cube,Rubik's Cube_070.csv,Rubik's Cube_071.csv,"Thumb,Middle,Pinky",20260729
Rubik's Cube,Rubik's Cube_071.csv,Rubik's Cube_095.csv,"Thumb,Middle,Pinky",20260729
Rubik's Cube,Rubik's Cube_072.csv,Rubik's Cube_006.csv,"Thumb,Middle,Pinky",20260729
Rubik's Cube,Rubik's Cube_073.csv,Rubik's Cube_030.csv,"Thumb,Middle,Pinky",20260729
Rubik's Cube,Rubik's Cube_074.csv,Rubik's Cube_056.csv,"Thumb,Middle,Pinky",20260729
Rubik's Cube,Rubik's Cube_075.csv,Rubik's Cube_089.csv,"Thumb,Middle,Pinky",20260729
Rubik's Cube,Rubik's Cube_076.csv,Rubik's Cube_091.csv,"Thumb,Middle,Pinky",20260729
Rubik's Cube,Rubik's Cube_077.csv,Rubik's Cube_004.csv,"Thumb,Middle,Pinky",20260729
Rubik's Cube,Rubik's Cube_078.csv,Rubik's Cube_051.csv,"Thumb,Middle,Pinky",20260729
Rubik's Cube,Rubik's Cube_079.csv,Rubik's Cube_025.csv,"Thumb,Middle,Pinky",20260729
Rubik's Cube,Rubik's Cube_080.csv,Rubik's Cube_076.csv,"Thumb,Middle,Pinky",20260729
Rubik's Cube,Rubik's Cube_081.csv,Rubik's Cube_082.csv,"Thumb,Middle,Pinky",20260729
Rubik's Cube,Rubik's Cube_082.csv,Rubik's Cube_048.csv,"Thumb,Middle,Pinky",20260729
Rubik's Cube,Rubik's Cube_083.csv,Rubik's Cube_007.csv,"Thumb,Middle,Pinky",20260729
Rubik's Cube,Rubik's Cube_084.csv,Rubik's Cube_086.csv,"Thumb,Middle,Pinky",20260729
Rubik's Cube,Rubik's Cube_085.csv,Rubik's Cube_044.csv,"Thumb,Middle,Pinky",20260729
Rubik's Cube,Rubik's Cube_086.csv,Rubik's Cube_041.csv,"Thumb,Middle,Pinky",20260729
Rubik's Cube,Rubik's Cube_087.csv,Rubik's Cube_005.csv,"Thumb,Middle,Pinky",20260729
Rubik's Cube,Rubik's Cube_088.csv,Rubik's Cube_028.csv,"Thumb,Middle,Pinky",20260729
Rubik's Cube,Rubik's Cube_089.csv,Rubik's Cube_092.csv,"Thumb,Middle,Pinky",20260729
Rubik's Cube,Rubik's Cube_090.csv,Rubik's Cube_017.csv,"Thumb,Middle,Pinky",20260729
Rubik's Cube,Rubik's Cube_091.csv,Rubik's Cube_026.csv,"Thumb,Middle,Pinky",20260729
Rubik's Cube,Rubik's Cube_092.csv,Rubik's Cube_059.csv,"Thumb,Middle,Pinky",20260729
Rubik's Cube,Rubik's Cube_093.csv,Rubik's Cube_073.csv,"Thumb,Middle,Pinky",20260729
Rubik's Cube,Rubik's Cube_094.csv,Rubik's Cube_033.csv,"Thumb,Middle,Pinky",20260729
Rubik's Cube,Rubik's Cube_095.csv,Rubik's Cube_010.csv,"Thumb,Middle,Pinky",20260729
Rubik's Cube,Rubik's Cube_096.csv,Rubik's Cube_049.csv,"Thumb,Middle,Pinky",20260729
Rubik's Cube,Rubik's Cube_097.csv,Rubik's Cube_011.csv,"Thumb,Middle,Pinky",20260729
Rubik's Cube,Rubik's Cube_098.csv,Rubik's Cube_027.csv,"Thumb,Middle,Pinky",20260729
Rubik's Cube,Rubik's Cube_099.csv,Rubik's Cube_079.csv,"Thumb,Middle,Pinky",20260729
Rubik's Cube,Rubik's Cube_100.csv,Rubik's Cube_074.csv,"Thumb,Middle,Pinky",20260729
Smartphone,Smartphone_001.csv,Smartphone_023.csv,"Thumb,Middle,Pinky",20260729
Smartphone,Smartphone_002.csv,Smartphone_042.csv,"Thumb,Middle,Pinky",20260729
Smartphone,Smartphone_003.csv,Smartphone_029.csv,"Thumb,Middle,Pinky",20260729
Smartphone,Smartphone_004.csv,Smartphone_064.csv,"Thumb,Middle,Pinky",20260729
Smartphone,Smartphone_005.csv,Smartphone_084.csv,"Thumb,Middle,Pinky",20260729
Smartphone,Smartphone_006.csv,Smartphone_031.csv,"Thumb,Middle,Pinky",20260729
Smartphone,Smartphone_007.csv,Smartphone_039.csv,"Thumb,Middle,Pinky",20260729
Smartphone,Smartphone_008.csv,Smartphone_073.csv,"Thumb,Middle,Pinky",20260729
Smartphone,Smartphone_009.csv,Smartphone_003.csv,"Thumb,Middle,Pinky",20260729
Smartphone,Smartphone_010.csv,Smartphone_011.csv,"Thumb,Middle,Pinky",20260729
Smartphone,Smartphone_011.csv,Smartphone_035.csv,"Thumb,Middle,Pinky",20260729
Smartphone,Smartphone_012.csv,Smartphone_015.csv,"Thumb,Middle,Pinky",20260729
Smartphone,Smartphone_013.csv,Smartphone_037.csv,"Thumb,Middle,Pinky",20260729
Smartphone,Smartphone_014.csv,Smartphone_065.csv,"Thumb,Middle,Pinky",20260729
Smartphone,Smartphone_015.csv,Smartphone_071.csv,"Thumb,Middle,Pinky",20260729
Smartphone,Smartphone_016.csv,Smartphone_002.csv,"Thumb,Middle,Pinky",20260729
Smartphone,Smartphone_017.csv,Smartphone_032.csv,"Thumb,Middle,Pinky",20260729
Smartphone,Smartphone_018.csv,Smartphone_057.csv,"Thumb,Middle,Pinky",20260729
Smartphone,Smartphone_019.csv,Smartphone_059.csv,"Thumb,Middle,Pinky",20260729
Smartphone,Smartphone_020.csv,Smartphone_070.csv,"Thumb,Middle,Pinky",20260729
Smartphone,Smartphone_021.csv,Smartphone_080.csv,"Thumb,Middle,Pinky",20260729
Smartphone,Smartphone_022.csv,Smartphone_074.csv,"Thumb,Middle,Pinky",20260729
Smartphone,Smartphone_023.csv,Smartphone_077.csv,"Thumb,Middle,Pinky",20260729
Smartphone,Smartphone_024.csv,Smartphone_056.csv,"Thumb,Middle,Pinky",20260729
Smartphone,Smartphone_025.csv,Smartphone_022.csv,"Thumb,Middle,Pinky",20260729
Smartphone,Smartphone_026.csv,Smartphone_009.csv,"Thumb,Middle,Pinky",20260729
Smartphone,Smartphone_027.csv,Smartphone_036.csv,"Thumb,Middle,Pinky",20260729
Smartphone,Smartphone_028.csv,Smartphone_097.csv,"Thumb,Middle,Pinky",20260729
Smartphone,Smartphone_029.csv,Smartphone_017.csv,"Thumb,Middle,Pinky",20260729
Smartphone,Smartphone_030.csv,Smartphone_040.csv,"Thumb,Middle,Pinky",20260729
Smartphone,Smartphone_031.csv,Smartphone_068.csv,"Thumb,Middle,Pinky",20260729
Smartphone,Smartphone_032.csv,Smartphone_099.csv,"Thumb,Middle,Pinky",20260729
Smartphone,Smartphone_033.csv,Smartphone_045.csv,"Thumb,Middle,Pinky",20260729
Smartphone,Smartphone_034.csv,Smartphone_044.csv,"Thumb,Middle,Pinky",20260729
Smartphone,Smartphone_035.csv,Smartphone_091.csv,"Thumb,Middle,Pinky",20260729
Smartphone,Smartphone_036.csv,Smartphone_034.csv,"Thumb,Middle,Pinky",20260729
Smartphone,Smartphone_037.csv,Smartphone_030.csv,"Thumb,Middle,Pinky",20260729
Smartphone,Smartphone_038.csv,Smartphone_094.csv,"Thumb,Middle,Pinky",20260729
Smartphone,Smartphone_039.csv,Smartphone_012.csv,"Thumb,Middle,Pinky",20260729
Smartphone,Smartphone_040.csv,Smartphone_089.csv,"Thumb,Middle,Pinky",20260729
Smartphone,Smartphone_041.csv,Smartphone_081.csv,"Thumb,Middle,Pinky",20260729
Smartphone,Smartphone_042.csv,Smartphone_063.csv,"Thumb,Middle,Pinky",20260729
Smartphone,Smartphone_043.csv,Smartphone_024.csv,"Thumb,Middle,Pinky",20260729
Smartphone,Smartphone_044.csv,Smartphone_033.csv,"Thumb,Middle,Pinky",20260729
Smartphone,Smartphone_045.csv,Smartphone_083.csv,"Thumb,Middle,Pinky",20260729
Smartphone,Smartphone_046.csv,Smartphone_048.csv,"Thumb,Middle,Pinky",20260729
Smartphone,Smartphone_047.csv,Smartphone_028.csv,"Thumb,Middle,Pinky",20260729
Smartphone,Smartphone_048.csv,Smartphone_007.csv,"Thumb,Middle,Pinky",20260729
Smartphone,Smartphone_049.csv,Smartphone_025.csv,"Thumb,Middle,Pinky",20260729
Smartphone,Smartphone_050.csv,Smartphone_095.csv,"Thumb,Middle,Pinky",20260729
Smartphone,Smartphone_051.csv,Smartphone_079.csv,"Thumb,Middle,Pinky",20260729
Smartphone,Smartphone_052.csv,Smartphone_049.csv,"Thumb,Middle,Pinky",20260729
Smartphone,Smartphone_053.csv,Smartphone_061.csv,"Thumb,Middle,Pinky",20260729
Smartphone,Smartphone_054.csv,Smartphone_096.csv,"Thumb,Middle,Pinky",20260729
Smartphone,Smartphone_055.csv,Smartphone_053.csv,"Thumb,Middle,Pinky",20260729
Smartphone,Smartphone_056.csv,Smartphone_072.csv,"Thumb,Middle,Pinky",20260729
Smartphone,Smartphone_057.csv,Smartphone_075.csv,"Thumb,Middle,Pinky",20260729
Smartphone,Smartphone_058.csv,Smartphone_085.csv,"Thumb,Middle,Pinky",20260729
Smartphone,Smartphone_059.csv,Smartphone_076.csv,"Thumb,Middle,Pinky",20260729
Smartphone,Smartphone_060.csv,Smartphone_020.csv,"Thumb,Middle,Pinky",20260729
Smartphone,Smartphone_061.csv,Smartphone_038.csv,"Thumb,Middle,Pinky",20260729
Smartphone,Smartphone_062.csv,Smartphone_066.csv,"Thumb,Middle,Pinky",20260729
Smartphone,Smartphone_063.csv,Smartphone_054.csv,"Thumb,Middle,Pinky",20260729
Smartphone,Smartphone_064.csv,Smartphone_098.csv,"Thumb,Middle,Pinky",20260729
Smartphone,Smartphone_065.csv,Smartphone_088.csv,"Thumb,Middle,Pinky",20260729
Smartphone,Smartphone_066.csv,Smartphone_092.csv,"Thumb,Middle,Pinky",20260729
Smartphone,Smartphone_067.csv,Smartphone_016.csv,"Thumb,Middle,Pinky",20260729
Smartphone,Smartphone_068.csv,Smartphone_019.csv,"Thumb,Middle,Pinky",20260729
Smartphone,Smartphone_069.csv,Smartphone_086.csv,"Thumb,Middle,Pinky",20260729
Smartphone,Smartphone_070.csv,Smartphone_010.csv,"Thumb,Middle,Pinky",20260729
Smartphone,Smartphone_071.csv,Smartphone_021.csv,"Thumb,Middle,Pinky",20260729
Smartphone,Smartphone_072.csv,Smartphone_069.csv,"Thumb,Middle,Pinky",20260729
Smartphone,Smartphone_073.csv,Smartphone_082.csv,"Thumb,Middle,Pinky",20260729
Smartphone,Smartphone_074.csv,Smartphone_004.csv,"Thumb,Middle,Pinky",20260729
Smartphone,Smartphone_075.csv,Smartphone_087.csv,"Thumb,Middle,Pinky",20260729
Smartphone,Smartphone_076.csv,Smartphone_090.csv,"Thumb,Middle,Pinky",20260729
Smartphone,Smartphone_077.csv,Smartphone_027.csv,"Thumb,Middle,Pinky",20260729
Smartphone,Smartphone_078.csv,Smartphone_005.csv,"Thumb,Middle,Pinky",20260729
Smartphone,Smartphone_079.csv,Smartphone_006.csv,"Thumb,Middle,Pinky",20260729
Smartphone,Smartphone_080.csv,Smartphone_026.csv,"Thumb,Middle,Pinky",20260729
Smartphone,Smartphone_081.csv,Smartphone_014.csv,"Thumb,Middle,Pinky",20260729
Smartphone,Smartphone_082.csv,Smartphone_008.csv,"Thumb,Middle,Pinky",20260729
Smartphone,Smartphone_083.csv,Smartphone_001.csv,"Thumb,Middle,Pinky",20260729
Smartphone,Smartphone_084.csv,Smartphone_013.csv,"Thumb,Middle,Pinky",20260729
Smartphone,Smartphone_085.csv,Smartphone_093.csv,"Thumb,Middle,Pinky",20260729
Smartphone,Smartphone_086.csv,Smartphone_062.csv,"Thumb,Middle,Pinky",20260729
Smartphone,Smartphone_087.csv,Smartphone_067.csv,"Thumb,Middle,Pinky",20260729
Smartphone,Smartphone_088.csv,Smartphone_055.csv,"Thumb,Middle,Pinky",20260729
Smartphone,Smartphone_089.csv,Smartphone_047.csv,"Thumb,Middle,Pinky",20260729
Smartphone,Smartphone_090.csv,Smartphone_058.csv,"Thumb,Middle,Pinky",20260729
Smartphone,Smartphone_091.csv,Smartphone_018.csv,"Thumb,Middle,Pinky",20260729
Smartphone,Smartphone_092.csv,Smartphone_050.csv,"Thumb,Middle,Pinky",20260729
Smartphone,Smartphone_093.csv,Smartphone_052.csv,"Thumb,Middle,Pinky",20260729
Smartphone,Smartphone_094.csv,Smartphone_043.csv,"Thumb,Middle,Pinky",20260729
Smartphone,Smartphone_095.csv,Smartphone_041.csv,"Thumb,Middle,Pinky",20260729
Smartphone,Smartphone_096.csv,Smartphone_060.csv,"Thumb,Middle,Pinky",20260729
Smartphone,Smartphone_097.csv,Smartphone_100.csv,"Thumb,Middle,Pinky",20260729
Smartphone,Smartphone_098.csv,Smartphone_046.csv,"Thumb,Middle,Pinky",20260729
Smartphone,Smartphone_099.csv,Smartphone_051.csv,"Thumb,Middle,Pinky",20260729
Smartphone,Smartphone_100.csv,Smartphone_078.csv,"Thumb,Middle,Pinky",20260729
Sponge Dice,Sponge Dice_001.csv,Sponge Dice_068.csv,"Thumb,Middle,Pinky",20260729
Sponge Dice,Sponge Dice_002.csv,Sponge Dice_024.csv,"Thumb,Middle,Pinky",20260729
Sponge Dice,Sponge Dice_003.csv,Sponge Dice_075.csv,"Thumb,Middle,Pinky",20260729
Sponge Dice,Sponge Dice_004.csv,Sponge Dice_088.csv,"Thumb,Middle,Pinky",20260729
Sponge Dice,Sponge Dice_005.csv,Sponge Dice_016.csv,"Thumb,Middle,Pinky",20260729
Sponge Dice,Sponge Dice_006.csv,Sponge Dice_009.csv,"Thumb,Middle,Pinky",20260729
Sponge Dice,Sponge Dice_007.csv,Sponge Dice_082.csv,"Thumb,Middle,Pinky",20260729
Sponge Dice,Sponge Dice_008.csv,Sponge Dice_044.csv,"Thumb,Middle,Pinky",20260729
Sponge Dice,Sponge Dice_009.csv,Sponge Dice_018.csv,"Thumb,Middle,Pinky",20260729
Sponge Dice,Sponge Dice_010.csv,Sponge Dice_011.csv,"Thumb,Middle,Pinky",20260729
Sponge Dice,Sponge Dice_011.csv,Sponge Dice_062.csv,"Thumb,Middle,Pinky",20260729
Sponge Dice,Sponge Dice_012.csv,Sponge Dice_093.csv,"Thumb,Middle,Pinky",20260729
Sponge Dice,Sponge Dice_013.csv,Sponge Dice_094.csv,"Thumb,Middle,Pinky",20260729
Sponge Dice,Sponge Dice_014.csv,Sponge Dice_049.csv,"Thumb,Middle,Pinky",20260729
Sponge Dice,Sponge Dice_015.csv,Sponge Dice_008.csv,"Thumb,Middle,Pinky",20260729
Sponge Dice,Sponge Dice_016.csv,Sponge Dice_019.csv,"Thumb,Middle,Pinky",20260729
Sponge Dice,Sponge Dice_017.csv,Sponge Dice_087.csv,"Thumb,Middle,Pinky",20260729
Sponge Dice,Sponge Dice_018.csv,Sponge Dice_048.csv,"Thumb,Middle,Pinky",20260729
Sponge Dice,Sponge Dice_019.csv,Sponge Dice_031.csv,"Thumb,Middle,Pinky",20260729
Sponge Dice,Sponge Dice_020.csv,Sponge Dice_015.csv,"Thumb,Middle,Pinky",20260729
Sponge Dice,Sponge Dice_021.csv,Sponge Dice_051.csv,"Thumb,Middle,Pinky",20260729
Sponge Dice,Sponge Dice_022.csv,Sponge Dice_065.csv,"Thumb,Middle,Pinky",20260729
Sponge Dice,Sponge Dice_023.csv,Sponge Dice_069.csv,"Thumb,Middle,Pinky",20260729
Sponge Dice,Sponge Dice_024.csv,Sponge Dice_071.csv,"Thumb,Middle,Pinky",20260729
Sponge Dice,Sponge Dice_025.csv,Sponge Dice_017.csv,"Thumb,Middle,Pinky",20260729
Sponge Dice,Sponge Dice_026.csv,Sponge Dice_037.csv,"Thumb,Middle,Pinky",20260729
Sponge Dice,Sponge Dice_027.csv,Sponge Dice_079.csv,"Thumb,Middle,Pinky",20260729
Sponge Dice,Sponge Dice_028.csv,Sponge Dice_030.csv,"Thumb,Middle,Pinky",20260729
Sponge Dice,Sponge Dice_029.csv,Sponge Dice_038.csv,"Thumb,Middle,Pinky",20260729
Sponge Dice,Sponge Dice_030.csv,Sponge Dice_070.csv,"Thumb,Middle,Pinky",20260729
Sponge Dice,Sponge Dice_031.csv,Sponge Dice_063.csv,"Thumb,Middle,Pinky",20260729
Sponge Dice,Sponge Dice_032.csv,Sponge Dice_057.csv,"Thumb,Middle,Pinky",20260729
Sponge Dice,Sponge Dice_033.csv,Sponge Dice_022.csv,"Thumb,Middle,Pinky",20260729
Sponge Dice,Sponge Dice_034.csv,Sponge Dice_002.csv,"Thumb,Middle,Pinky",20260729
Sponge Dice,Sponge Dice_035.csv,Sponge Dice_083.csv,"Thumb,Middle,Pinky",20260729
Sponge Dice,Sponge Dice_036.csv,Sponge Dice_067.csv,"Thumb,Middle,Pinky",20260729
Sponge Dice,Sponge Dice_037.csv,Sponge Dice_042.csv,"Thumb,Middle,Pinky",20260729
Sponge Dice,Sponge Dice_038.csv,Sponge Dice_021.csv,"Thumb,Middle,Pinky",20260729
Sponge Dice,Sponge Dice_039.csv,Sponge Dice_072.csv,"Thumb,Middle,Pinky",20260729
Sponge Dice,Sponge Dice_040.csv,Sponge Dice_077.csv,"Thumb,Middle,Pinky",20260729
Sponge Dice,Sponge Dice_041.csv,Sponge Dice_059.csv,"Thumb,Middle,Pinky",20260729
Sponge Dice,Sponge Dice_042.csv,Sponge Dice_034.csv,"Thumb,Middle,Pinky",20260729
Sponge Dice,Sponge Dice_043.csv,Sponge Dice_039.csv,"Thumb,Middle,Pinky",20260729
Sponge Dice,Sponge Dice_044.csv,Sponge Dice_097.csv,"Thumb,Middle,Pinky",20260729
Sponge Dice,Sponge Dice_045.csv,Sponge Dice_050.csv,"Thumb,Middle,Pinky",20260729
Sponge Dice,Sponge Dice_046.csv,Sponge Dice_066.csv,"Thumb,Middle,Pinky",20260729
Sponge Dice,Sponge Dice_047.csv,Sponge Dice_076.csv,"Thumb,Middle,Pinky",20260729
Sponge Dice,Sponge Dice_048.csv,Sponge Dice_095.csv,"Thumb,Middle,Pinky",20260729
Sponge Dice,Sponge Dice_049.csv,Sponge Dice_091.csv,"Thumb,Middle,Pinky",20260729
Sponge Dice,Sponge Dice_050.csv,Sponge Dice_028.csv,"Thumb,Middle,Pinky",20260729
Sponge Dice,Sponge Dice_051.csv,Sponge Dice_098.csv,"Thumb,Middle,Pinky",20260729
Sponge Dice,Sponge Dice_052.csv,Sponge Dice_081.csv,"Thumb,Middle,Pinky",20260729
Sponge Dice,Sponge Dice_053.csv,Sponge Dice_005.csv,"Thumb,Middle,Pinky",20260729
Sponge Dice,Sponge Dice_054.csv,Sponge Dice_033.csv,"Thumb,Middle,Pinky",20260729
Sponge Dice,Sponge Dice_055.csv,Sponge Dice_056.csv,"Thumb,Middle,Pinky",20260729
Sponge Dice,Sponge Dice_056.csv,Sponge Dice_078.csv,"Thumb,Middle,Pinky",20260729
Sponge Dice,Sponge Dice_057.csv,Sponge Dice_052.csv,"Thumb,Middle,Pinky",20260729
Sponge Dice,Sponge Dice_058.csv,Sponge Dice_027.csv,"Thumb,Middle,Pinky",20260729
Sponge Dice,Sponge Dice_059.csv,Sponge Dice_013.csv,"Thumb,Middle,Pinky",20260729
Sponge Dice,Sponge Dice_060.csv,Sponge Dice_047.csv,"Thumb,Middle,Pinky",20260729
Sponge Dice,Sponge Dice_061.csv,Sponge Dice_096.csv,"Thumb,Middle,Pinky",20260729
Sponge Dice,Sponge Dice_062.csv,Sponge Dice_010.csv,"Thumb,Middle,Pinky",20260729
Sponge Dice,Sponge Dice_063.csv,Sponge Dice_099.csv,"Thumb,Middle,Pinky",20260729
Sponge Dice,Sponge Dice_064.csv,Sponge Dice_023.csv,"Thumb,Middle,Pinky",20260729
Sponge Dice,Sponge Dice_065.csv,Sponge Dice_092.csv,"Thumb,Middle,Pinky",20260729
Sponge Dice,Sponge Dice_066.csv,Sponge Dice_040.csv,"Thumb,Middle,Pinky",20260729
Sponge Dice,Sponge Dice_067.csv,Sponge Dice_035.csv,"Thumb,Middle,Pinky",20260729
Sponge Dice,Sponge Dice_068.csv,Sponge Dice_007.csv,"Thumb,Middle,Pinky",20260729
Sponge Dice,Sponge Dice_069.csv,Sponge Dice_100.csv,"Thumb,Middle,Pinky",20260729
Sponge Dice,Sponge Dice_070.csv,Sponge Dice_012.csv,"Thumb,Middle,Pinky",20260729
Sponge Dice,Sponge Dice_071.csv,Sponge Dice_053.csv,"Thumb,Middle,Pinky",20260729
Sponge Dice,Sponge Dice_072.csv,Sponge Dice_054.csv,"Thumb,Middle,Pinky",20260729
Sponge Dice,Sponge Dice_073.csv,Sponge Dice_086.csv,"Thumb,Middle,Pinky",20260729
Sponge Dice,Sponge Dice_074.csv,Sponge Dice_064.csv,"Thumb,Middle,Pinky",20260729
Sponge Dice,Sponge Dice_075.csv,Sponge Dice_029.csv,"Thumb,Middle,Pinky",20260729
Sponge Dice,Sponge Dice_076.csv,Sponge Dice_090.csv,"Thumb,Middle,Pinky",20260729
Sponge Dice,Sponge Dice_077.csv,Sponge Dice_058.csv,"Thumb,Middle,Pinky",20260729
Sponge Dice,Sponge Dice_078.csv,Sponge Dice_001.csv,"Thumb,Middle,Pinky",20260729
Sponge Dice,Sponge Dice_079.csv,Sponge Dice_041.csv,"Thumb,Middle,Pinky",20260729
Sponge Dice,Sponge Dice_080.csv,Sponge Dice_060.csv,"Thumb,Middle,Pinky",20260729
Sponge Dice,Sponge Dice_081.csv,Sponge Dice_026.csv,"Thumb,Middle,Pinky",20260729
Sponge Dice,Sponge Dice_082.csv,Sponge Dice_061.csv,"Thumb,Middle,Pinky",20260729
Sponge Dice,Sponge Dice_083.csv,Sponge Dice_006.csv,"Thumb,Middle,Pinky",20260729
Sponge Dice,Sponge Dice_084.csv,Sponge Dice_014.csv,"Thumb,Middle,Pinky",20260729
Sponge Dice,Sponge Dice_085.csv,Sponge Dice_085.csv,"Thumb,Middle,Pinky",20260729
Sponge Dice,Sponge Dice_086.csv,Sponge Dice_025.csv,"Thumb,Middle,Pinky",20260729
Sponge Dice,Sponge Dice_087.csv,Sponge Dice_073.csv,"Thumb,Middle,Pinky",20260729
Sponge Dice,Sponge Dice_088.csv,Sponge Dice_004.csv,"Thumb,Middle,Pinky",20260729
Sponge Dice,Sponge Dice_089.csv,Sponge Dice_032.csv,"Thumb,Middle,Pinky",20260729
Sponge Dice,Sponge Dice_090.csv,Sponge Dice_003.csv,"Thumb,Middle,Pinky",20260729
Sponge Dice,Sponge Dice_091.csv,Sponge Dice_043.csv,"Thumb,Middle,Pinky",20260729
Sponge Dice,Sponge Dice_092.csv,Sponge Dice_089.csv,"Thumb,Middle,Pinky",20260729
Sponge Dice,Sponge Dice_093.csv,Sponge Dice_074.csv,"Thumb,Middle,Pinky",20260729
Sponge Dice,Sponge Dice_094.csv,Sponge Dice_020.csv,"Thumb,Middle,Pinky",20260729
Sponge Dice,Sponge Dice_095.csv,Sponge Dice_080.csv,"Thumb,Middle,Pinky",20260729
Sponge Dice,Sponge Dice_096.csv,Sponge Dice_055.csv,"Thumb,Middle,Pinky",20260729
Sponge Dice,Sponge Dice_097.csv,Sponge Dice_046.csv,"Thumb,Middle,Pinky",20260729
Sponge Dice,Sponge Dice_098.csv,Sponge Dice_084.csv,"Thumb,Middle,Pinky",20260729
Sponge Dice,Sponge Dice_099.csv,Sponge Dice_036.csv,"Thumb,Middle,Pinky",20260729
Sponge Dice,Sponge Dice_100.csv,Sponge Dice_045.csv,"Thumb,Middle,Pinky",20260729
Stuffed Ball,Stuffed Ball_001.csv,Stuffed Ball_023.csv,"Thumb,Middle,Pinky",20260729
Stuffed Ball,Stuffed Ball_002.csv,Stuffed Ball_095.csv,"Thumb,Middle,Pinky",20260729
Stuffed Ball,Stuffed Ball_003.csv,Stuffed Ball_013.csv,"Thumb,Middle,Pinky",20260729
Stuffed Ball,Stuffed Ball_004.csv,Stuffed Ball_080.csv,"Thumb,Middle,Pinky",20260729
Stuffed Ball,Stuffed Ball_005.csv,Stuffed Ball_020.csv,"Thumb,Middle,Pinky",20260729
Stuffed Ball,Stuffed Ball_006.csv,Stuffed Ball_091.csv,"Thumb,Middle,Pinky",20260729
Stuffed Ball,Stuffed Ball_007.csv,Stuffed Ball_044.csv,"Thumb,Middle,Pinky",20260729
Stuffed Ball,Stuffed Ball_008.csv,Stuffed Ball_011.csv,"Thumb,Middle,Pinky",20260729
Stuffed Ball,Stuffed Ball_009.csv,Stuffed Ball_076.csv,"Thumb,Middle,Pinky",20260729
Stuffed Ball,Stuffed Ball_010.csv,Stuffed Ball_008.csv,"Thumb,Middle,Pinky",20260729
Stuffed Ball,Stuffed Ball_011.csv,Stuffed Ball_043.csv,"Thumb,Middle,Pinky",20260729
Stuffed Ball,Stuffed Ball_012.csv,Stuffed Ball_087.csv,"Thumb,Middle,Pinky",20260729
Stuffed Ball,Stuffed Ball_013.csv,Stuffed Ball_036.csv,"Thumb,Middle,Pinky",20260729
Stuffed Ball,Stuffed Ball_014.csv,Stuffed Ball_059.csv,"Thumb,Middle,Pinky",20260729
Stuffed Ball,Stuffed Ball_015.csv,Stuffed Ball_052.csv,"Thumb,Middle,Pinky",20260729
Stuffed Ball,Stuffed Ball_016.csv,Stuffed Ball_012.csv,"Thumb,Middle,Pinky",20260729
Stuffed Ball,Stuffed Ball_017.csv,Stuffed Ball_010.csv,"Thumb,Middle,Pinky",20260729
Stuffed Ball,Stuffed Ball_018.csv,Stuffed Ball_035.csv,"Thumb,Middle,Pinky",20260729
Stuffed Ball,Stuffed Ball_019.csv,Stuffed Ball_090.csv,"Thumb,Middle,Pinky",20260729
Stuffed Ball,Stuffed Ball_020.csv,Stuffed Ball_025.csv,"Thumb,Middle,Pinky",20260729
Stuffed Ball,Stuffed Ball_021.csv,Stuffed Ball_064.csv,"Thumb,Middle,Pinky",20260729
Stuffed Ball,Stuffed Ball_022.csv,Stuffed Ball_022.csv,"Thumb,Middle,Pinky",20260729
Stuffed Ball,Stuffed Ball_023.csv,Stuffed Ball_039.csv,"Thumb,Middle,Pinky",20260729
Stuffed Ball,Stuffed Ball_024.csv,Stuffed Ball_060.csv,"Thumb,Middle,Pinky",20260729
Stuffed Ball,Stuffed Ball_025.csv,Stuffed Ball_019.csv,"Thumb,Middle,Pinky",20260729
Stuffed Ball,Stuffed Ball_026.csv,Stuffed Ball_067.csv,"Thumb,Middle,Pinky",20260729
Stuffed Ball,Stuffed Ball_027.csv,Stuffed Ball_015.csv,"Thumb,Middle,Pinky",20260729
Stuffed Ball,Stuffed Ball_028.csv,Stuffed Ball_040.csv,"Thumb,Middle,Pinky",20260729
Stuffed Ball,Stuffed Ball_029.csv,Stuffed Ball_092.csv,"Thumb,Middle,Pinky",20260729
Stuffed Ball,Stuffed Ball_030.csv,Stuffed Ball_026.csv,"Thumb,Middle,Pinky",20260729
Stuffed Ball,Stuffed Ball_031.csv,Stuffed Ball_075.csv,"Thumb,Middle,Pinky",20260729
Stuffed Ball,Stuffed Ball_032.csv,Stuffed Ball_028.csv,"Thumb,Middle,Pinky",20260729
Stuffed Ball,Stuffed Ball_033.csv,Stuffed Ball_009.csv,"Thumb,Middle,Pinky",20260729
Stuffed Ball,Stuffed Ball_034.csv,Stuffed Ball_083.csv,"Thumb,Middle,Pinky",20260729
Stuffed Ball,Stuffed Ball_035.csv,Stuffed Ball_071.csv,"Thumb,Middle,Pinky",20260729
Stuffed Ball,Stuffed Ball_036.csv,Stuffed Ball_030.csv,"Thumb,Middle,Pinky",20260729
Stuffed Ball,Stuffed Ball_037.csv,Stuffed Ball_094.csv,"Thumb,Middle,Pinky",20260729
Stuffed Ball,Stuffed Ball_038.csv,Stuffed Ball_016.csv,"Thumb,Middle,Pinky",20260729
Stuffed Ball,Stuffed Ball_039.csv,Stuffed Ball_055.csv,"Thumb,Middle,Pinky",20260729
Stuffed Ball,Stuffed Ball_040.csv,Stuffed Ball_033.csv,"Thumb,Middle,Pinky",20260729
Stuffed Ball,Stuffed Ball_041.csv,Stuffed Ball_024.csv,"Thumb,Middle,Pinky",20260729
Stuffed Ball,Stuffed Ball_042.csv,Stuffed Ball_096.csv,"Thumb,Middle,Pinky",20260729
Stuffed Ball,Stuffed Ball_043.csv,Stuffed Ball_006.csv,"Thumb,Middle,Pinky",20260729
Stuffed Ball,Stuffed Ball_044.csv,Stuffed Ball_077.csv,"Thumb,Middle,Pinky",20260729
Stuffed Ball,Stuffed Ball_045.csv,Stuffed Ball_041.csv,"Thumb,Middle,Pinky",20260729
Stuffed Ball,Stuffed Ball_046.csv,Stuffed Ball_050.csv,"Thumb,Middle,Pinky",20260729
Stuffed Ball,Stuffed Ball_047.csv,Stuffed Ball_003.csv,"Thumb,Middle,Pinky",20260729
Stuffed Ball,Stuffed Ball_048.csv,Stuffed Ball_078.csv,"Thumb,Middle,Pinky",20260729
Stuffed Ball,Stuffed Ball_049.csv,Stuffed Ball_029.csv,"Thumb,Middle,Pinky",20260729
Stuffed Ball,Stuffed Ball_050.csv,Stuffed Ball_031.csv,"Thumb,Middle,Pinky",20260729
Stuffed Ball,Stuffed Ball_051.csv,Stuffed Ball_062.csv,"Thumb,Middle,Pinky",20260729
Stuffed Ball,Stuffed Ball_052.csv,Stuffed Ball_069.csv,"Thumb,Middle,Pinky",20260729
Stuffed Ball,Stuffed Ball_053.csv,Stuffed Ball_046.csv,"Thumb,Middle,Pinky",20260729
Stuffed Ball,Stuffed Ball_054.csv,Stuffed Ball_058.csv,"Thumb,Middle,Pinky",20260729
Stuffed Ball,Stuffed Ball_055.csv,Stuffed Ball_056.csv,"Thumb,Middle,Pinky",20260729
Stuffed Ball,Stuffed Ball_056.csv,Stuffed Ball_097.csv,"Thumb,Middle,Pinky",20260729
Stuffed Ball,Stuffed Ball_057.csv,Stuffed Ball_084.csv,"Thumb,Middle,Pinky",20260729
Stuffed Ball,Stuffed Ball_058.csv,Stuffed Ball_073.csv,"Thumb,Middle,Pinky",20260729
Stuffed Ball,Stuffed Ball_059.csv,Stuffed Ball_048.csv,"Thumb,Middle,Pinky",20260729
Stuffed Ball,Stuffed Ball_060.csv,Stuffed Ball_047.csv,"Thumb,Middle,Pinky",20260729
Stuffed Ball,Stuffed Ball_061.csv,Stuffed Ball_051.csv,"Thumb,Middle,Pinky",20260729
Stuffed Ball,Stuffed Ball_062.csv,Stuffed Ball_089.csv,"Thumb,Middle,Pinky",20260729
Stuffed Ball,Stuffed Ball_063.csv,Stuffed Ball_005.csv,"Thumb,Middle,Pinky",20260729
Stuffed Ball,Stuffed Ball_064.csv,Stuffed Ball_079.csv,"Thumb,Middle,Pinky",20260729
Stuffed Ball,Stuffed Ball_065.csv,Stuffed Ball_068.csv,"Thumb,Middle,Pinky",20260729
Stuffed Ball,Stuffed Ball_066.csv,Stuffed Ball_066.csv,"Thumb,Middle,Pinky",20260729
Stuffed Ball,Stuffed Ball_067.csv,Stuffed Ball_014.csv,"Thumb,Middle,Pinky",20260729
Stuffed Ball,Stuffed Ball_068.csv,Stuffed Ball_021.csv,"Thumb,Middle,Pinky",20260729
Stuffed Ball,Stuffed Ball_069.csv,Stuffed Ball_086.csv,"Thumb,Middle,Pinky",20260729
Stuffed Ball,Stuffed Ball_070.csv,Stuffed Ball_007.csv,"Thumb,Middle,Pinky",20260729
Stuffed Ball,Stuffed Ball_071.csv,Stuffed Ball_037.csv,"Thumb,Middle,Pinky",20260729
Stuffed Ball,Stuffed Ball_072.csv,Stuffed Ball_002.csv,"Thumb,Middle,Pinky",20260729
Stuffed Ball,Stuffed Ball_073.csv,Stuffed Ball_088.csv,"Thumb,Middle,Pinky",20260729
Stuffed Ball,Stuffed Ball_074.csv,Stuffed Ball_099.csv,"Thumb,Middle,Pinky",20260729
Stuffed Ball,Stuffed Ball_075.csv,Stuffed Ball_054.csv,"Thumb,Middle,Pinky",20260729
Stuffed Ball,Stuffed Ball_076.csv,Stuffed Ball_074.csv,"Thumb,Middle,Pinky",20260729
Stuffed Ball,Stuffed Ball_077.csv,Stuffed Ball_098.csv,"Thumb,Middle,Pinky",20260729
Stuffed Ball,Stuffed Ball_078.csv,Stuffed Ball_018.csv,"Thumb,Middle,Pinky",20260729
Stuffed Ball,Stuffed Ball_079.csv,Stuffed Ball_053.csv,"Thumb,Middle,Pinky",20260729
Stuffed Ball,Stuffed Ball_080.csv,Stuffed Ball_093.csv,"Thumb,Middle,Pinky",20260729
Stuffed Ball,Stuffed Ball_081.csv,Stuffed Ball_063.csv,"Thumb,Middle,Pinky",20260729
Stuffed Ball,Stuffed Ball_082.csv,Stuffed Ball_032.csv,"Thumb,Middle,Pinky",20260729
Stuffed Ball,Stuffed Ball_083.csv,Stuffed Ball_070.csv,"Thumb,Middle,Pinky",20260729
Stuffed Ball,Stuffed Ball_084.csv,Stuffed Ball_042.csv,"Thumb,Middle,Pinky",20260729
Stuffed Ball,Stuffed Ball_085.csv,Stuffed Ball_057.csv,"Thumb,Middle,Pinky",20260729
Stuffed Ball,Stuffed Ball_086.csv,Stuffed Ball_082.csv,"Thumb,Middle,Pinky",20260729
Stuffed Ball,Stuffed Ball_087.csv,Stuffed Ball_038.csv,"Thumb,Middle,Pinky",20260729
Stuffed Ball,Stuffed Ball_088.csv,Stuffed Ball_081.csv,"Thumb,Middle,Pinky",20260729
Stuffed Ball,Stuffed Ball_089.csv,Stuffed Ball_004.csv,"Thumb,Middle,Pinky",20260729
Stuffed Ball,Stuffed Ball_090.csv,Stuffed Ball_049.csv,"Thumb,Middle,Pinky",20260729
Stuffed Ball,Stuffed Ball_091.csv,Stuffed Ball_045.csv,"Thumb,Middle,Pinky",20260729
Stuffed Ball,Stuffed Ball_092.csv,Stuffed Ball_001.csv,"Thumb,Middle,Pinky",20260729
Stuffed Ball,Stuffed Ball_093.csv,Stuffed Ball_061.csv,"Thumb,Middle,Pinky",20260729
Stuffed Ball,Stuffed Ball_094.csv,Stuffed Ball_065.csv,"Thumb,Middle,Pinky",20260729
Stuffed Ball,Stuffed Ball_095.csv,Stuffed Ball_027.csv,"Thumb,Middle,Pinky",20260729
Stuffed Ball,Stuffed Ball_096.csv,Stuffed Ball_017.csv,"Thumb,Middle,Pinky",20260729
Stuffed Ball,Stuffed Ball_097.csv,Stuffed Ball_100.csv,"Thumb,Middle,Pinky",20260729
Stuffed Ball,Stuffed Ball_098.csv,Stuffed Ball_085.csv,"Thumb,Middle,Pinky",20260729
Stuffed Ball,Stuffed Ball_099.csv,Stuffed Ball_034.csv,"Thumb,Middle,Pinky",20260729
Stuffed Ball,Stuffed Ball_100.csv,Stuffed Ball_072.csv,"Thumb,Middle,Pinky",20260729
Tape,Tape_001.csv,Tape_093.csv,"Thumb,Middle,Pinky",20260729
Tape,Tape_002.csv,Tape_002.csv,"Thumb,Middle,Pinky",20260729
Tape,Tape_003.csv,Tape_062.csv,"Thumb,Middle,Pinky",20260729
Tape,Tape_004.csv,Tape_045.csv,"Thumb,Middle,Pinky",20260729
Tape,Tape_005.csv,Tape_042.csv,"Thumb,Middle,Pinky",20260729
Tape,Tape_006.csv,Tape_052.csv,"Thumb,Middle,Pinky",20260729
Tape,Tape_007.csv,Tape_055.csv,"Thumb,Middle,Pinky",20260729
Tape,Tape_008.csv,Tape_053.csv,"Thumb,Middle,Pinky",20260729
Tape,Tape_009.csv,Tape_031.csv,"Thumb,Middle,Pinky",20260729
Tape,Tape_010.csv,Tape_088.csv,"Thumb,Middle,Pinky",20260729
Tape,Tape_011.csv,Tape_072.csv,"Thumb,Middle,Pinky",20260729
Tape,Tape_012.csv,Tape_039.csv,"Thumb,Middle,Pinky",20260729
Tape,Tape_013.csv,Tape_020.csv,"Thumb,Middle,Pinky",20260729
Tape,Tape_014.csv,Tape_080.csv,"Thumb,Middle,Pinky",20260729
Tape,Tape_015.csv,Tape_001.csv,"Thumb,Middle,Pinky",20260729
Tape,Tape_016.csv,Tape_066.csv,"Thumb,Middle,Pinky",20260729
Tape,Tape_017.csv,Tape_026.csv,"Thumb,Middle,Pinky",20260729
Tape,Tape_018.csv,Tape_008.csv,"Thumb,Middle,Pinky",20260729
Tape,Tape_019.csv,Tape_041.csv,"Thumb,Middle,Pinky",20260729
Tape,Tape_020.csv,Tape_100.csv,"Thumb,Middle,Pinky",20260729
Tape,Tape_021.csv,Tape_027.csv,"Thumb,Middle,Pinky",20260729
Tape,Tape_022.csv,Tape_019.csv,"Thumb,Middle,Pinky",20260729
Tape,Tape_023.csv,Tape_004.csv,"Thumb,Middle,Pinky",20260729
Tape,Tape_024.csv,Tape_011.csv,"Thumb,Middle,Pinky",20260729
Tape,Tape_025.csv,Tape_078.csv,"Thumb,Middle,Pinky",20260729
Tape,Tape_026.csv,Tape_063.csv,"Thumb,Middle,Pinky",20260729
Tape,Tape_027.csv,Tape_086.csv,"Thumb,Middle,Pinky",20260729
Tape,Tape_028.csv,Tape_009.csv,"Thumb,Middle,Pinky",20260729
Tape,Tape_029.csv,Tape_048.csv,"Thumb,Middle,Pinky",20260729
Tape,Tape_030.csv,Tape_014.csv,"Thumb,Middle,Pinky",20260729
Tape,Tape_031.csv,Tape_099.csv,"Thumb,Middle,Pinky",20260729
Tape,Tape_032.csv,Tape_050.csv,"Thumb,Middle,Pinky",20260729
Tape,Tape_033.csv,Tape_056.csv,"Thumb,Middle,Pinky",20260729
Tape,Tape_034.csv,Tape_029.csv,"Thumb,Middle,Pinky",20260729
Tape,Tape_035.csv,Tape_096.csv,"Thumb,Middle,Pinky",20260729
Tape,Tape_036.csv,Tape_034.csv,"Thumb,Middle,Pinky",20260729
Tape,Tape_037.csv,Tape_013.csv,"Thumb,Middle,Pinky",20260729
Tape,Tape_038.csv,Tape_077.csv,"Thumb,Middle,Pinky",20260729
Tape,Tape_039.csv,Tape_087.csv,"Thumb,Middle,Pinky",20260729
Tape,Tape_040.csv,Tape_059.csv,"Thumb,Middle,Pinky",20260729
Tape,Tape_041.csv,Tape_018.csv,"Thumb,Middle,Pinky",20260729
Tape,Tape_042.csv,Tape_047.csv,"Thumb,Middle,Pinky",20260729
Tape,Tape_043.csv,Tape_032.csv,"Thumb,Middle,Pinky",20260729
Tape,Tape_044.csv,Tape_081.csv,"Thumb,Middle,Pinky",20260729
Tape,Tape_045.csv,Tape_069.csv,"Thumb,Middle,Pinky",20260729
Tape,Tape_046.csv,Tape_076.csv,"Thumb,Middle,Pinky",20260729
Tape,Tape_047.csv,Tape_060.csv,"Thumb,Middle,Pinky",20260729
Tape,Tape_048.csv,Tape_040.csv,"Thumb,Middle,Pinky",20260729
Tape,Tape_049.csv,Tape_003.csv,"Thumb,Middle,Pinky",20260729
Tape,Tape_050.csv,Tape_084.csv,"Thumb,Middle,Pinky",20260729
Tape,Tape_051.csv,Tape_071.csv,"Thumb,Middle,Pinky",20260729
Tape,Tape_052.csv,Tape_092.csv,"Thumb,Middle,Pinky",20260729
Tape,Tape_053.csv,Tape_028.csv,"Thumb,Middle,Pinky",20260729
Tape,Tape_054.csv,Tape_089.csv,"Thumb,Middle,Pinky",20260729
Tape,Tape_055.csv,Tape_070.csv,"Thumb,Middle,Pinky",20260729
Tape,Tape_056.csv,Tape_043.csv,"Thumb,Middle,Pinky",20260729
Tape,Tape_057.csv,Tape_061.csv,"Thumb,Middle,Pinky",20260729
Tape,Tape_058.csv,Tape_068.csv,"Thumb,Middle,Pinky",20260729
Tape,Tape_059.csv,Tape_037.csv,"Thumb,Middle,Pinky",20260729
Tape,Tape_060.csv,Tape_023.csv,"Thumb,Middle,Pinky",20260729
Tape,Tape_061.csv,Tape_054.csv,"Thumb,Middle,Pinky",20260729
Tape,Tape_062.csv,Tape_025.csv,"Thumb,Middle,Pinky",20260729
Tape,Tape_063.csv,Tape_021.csv,"Thumb,Middle,Pinky",20260729
Tape,Tape_064.csv,Tape_094.csv,"Thumb,Middle,Pinky",20260729
Tape,Tape_065.csv,Tape_024.csv,"Thumb,Middle,Pinky",20260729
Tape,Tape_066.csv,Tape_090.csv,"Thumb,Middle,Pinky",20260729
Tape,Tape_067.csv,Tape_051.csv,"Thumb,Middle,Pinky",20260729
Tape,Tape_068.csv,Tape_016.csv,"Thumb,Middle,Pinky",20260729
Tape,Tape_069.csv,Tape_033.csv,"Thumb,Middle,Pinky",20260729
Tape,Tape_070.csv,Tape_073.csv,"Thumb,Middle,Pinky",20260729
Tape,Tape_071.csv,Tape_097.csv,"Thumb,Middle,Pinky",20260729
Tape,Tape_072.csv,Tape_005.csv,"Thumb,Middle,Pinky",20260729
Tape,Tape_073.csv,Tape_030.csv,"Thumb,Middle,Pinky",20260729
Tape,Tape_074.csv,Tape_046.csv,"Thumb,Middle,Pinky",20260729
Tape,Tape_075.csv,Tape_007.csv,"Thumb,Middle,Pinky",20260729
Tape,Tape_076.csv,Tape_064.csv,"Thumb,Middle,Pinky",20260729
Tape,Tape_077.csv,Tape_038.csv,"Thumb,Middle,Pinky",20260729
Tape,Tape_078.csv,Tape_015.csv,"Thumb,Middle,Pinky",20260729
Tape,Tape_079.csv,Tape_082.csv,"Thumb,Middle,Pinky",20260729
Tape,Tape_080.csv,Tape_075.csv,"Thumb,Middle,Pinky",20260729
Tape,Tape_081.csv,Tape_065.csv,"Thumb,Middle,Pinky",20260729
Tape,Tape_082.csv,Tape_083.csv,"Thumb,Middle,Pinky",20260729
Tape,Tape_083.csv,Tape_057.csv,"Thumb,Middle,Pinky",20260729
Tape,Tape_084.csv,Tape_049.csv,"Thumb,Middle,Pinky",20260729
Tape,Tape_085.csv,Tape_010.csv,"Thumb,Middle,Pinky",20260729
Tape,Tape_086.csv,Tape_079.csv,"Thumb,Middle,Pinky",20260729
Tape,Tape_087.csv,Tape_098.csv,"Thumb,Middle,Pinky",20260729
Tape,Tape_088.csv,Tape_012.csv,"Thumb,Middle,Pinky",20260729
Tape,Tape_089.csv,Tape_017.csv,"Thumb,Middle,Pinky",20260729
Tape,Tape_090.csv,Tape_085.csv,"Thumb,Middle,Pinky",20260729
Tape,Tape_091.csv,Tape_095.csv,"Thumb,Middle,Pinky",20260729
Tape,Tape_092.csv,Tape_022.csv,"Thumb,Middle,Pinky",20260729
Tape,Tape_093.csv,Tape_058.csv,"Thumb,Middle,Pinky",20260729
Tape,Tape_094.csv,Tape_067.csv,"Thumb,Middle,Pinky",20260729
Tape,Tape_095.csv,Tape_035.csv,"Thumb,Middle,Pinky",20260729
Tape,Tape_096.csv,Tape_036.csv,"Thumb,Middle,Pinky",20260729
Tape,Tape_097.csv,Tape_091.csv,"Thumb,Middle,Pinky",20260729
Tape,Tape_098.csv,Tape_006.csv,"Thumb,Middle,Pinky",20260729
Tape,Tape_099.csv,Tape_074.csv,"Thumb,Middle,Pinky",20260729
Tape,Tape_100.csv,Tape_044.csv,"Thumb,Middle,Pinky",20260729
